Rating,Review_title,Review_comment,Sentiment_score,Sentiment
5,Exceptional,suitable cozy place view room,0.0,Positive
5,Exceptional,cleanness quality service,0.0,Positive
4,Very good,food service good water pressure floor poor sometimes drop pressure come back full decrease,-0.6908,Positive
4,Superb,table entrance light blue rack,0.0,Positive
5,"I feel very good, confortabil and I cant wait to come back",like ristorante food room balcony like view staff nice kind say nothing everything fine,0.8627,Positive
5,"We had an amazing time at Adama Haile Resort, highly recommended??!",enjoyed food staff member wonderfully kind stay location perfect,0.936,Positive
5,Exceptional,pleasant staff room space facility exceptional,0.5106,Positive
4,Superb,vere professional staff food vary tasty,0.0,Positive
3,Enjoyed my stay and the staff's friendliness.,good service engaged answer question resolve problem especially service staff excellent attentive spa also provided great service cleanliness sitting area lounge,0.9269,Positive
5,very nice,staff nice bad parking,-0.1779,Positive
4,"The location is great and it is conducive for business, rest and pleasure.",breakfast good food cold location fantastic conducive work rest secured internet not use hopefully effort made install secured internet since place far away city,0.8639,Positive
3,Good,gym health center liked food not tastefull european customer,0.4215,Neutral
5,Exhilarating,breakfast yummy generous room r super clean organized classy pool nice well sauna bath work macchiato cappuccino breakfast menu also fix steam bath soon possible,0.9643,Positive
1,I wish if I could write more positive about the property,location property room water morning untrained staff,0.0,Negative
3,Pleasant,room staff spa food vegeterian fasting food chilly hot better milder lot variety,0.4404,Neutral
1,It was a nice business meeting with helpful locals. The town is unattractive.,venue chosen organizer stay among best available not pay food course local sufficiently mild western visitor manage reasonable breakfast fruit juice squeezed one type per day lucky get fantastic pineapple pulp inside buffet lunch manageable plain rice ingera make good work afterlunch careful choose dinner made spicy mistake misunderstanding fault nice three layer fruit spritz word not know italian spritz avocado mango whatever green top local coffee among best lady not overcook room bathroom awful shower sprayed cold water around another colleague piping hot water also good not understand maid room not mind make bed also home problem electronic payment lucky different wireless different area important one meeting venue internet also mike unreliable,0.9524,Negative
4,Very good,good,0.4404,Positive
5,Exceptional,exceptional,0.0,Positive
5,Exceptional,exceptional,0.0,Positive
5,Exceptional,exceptional,0.0,Positive
5,Exceptional,exceptional,0.0,Positive
5,Exceptional,exceptional,0.0,Positive
5,Exceptional,exceptional,0.0,Positive
3,Good,good,0.4404,Neutral
5,Exceptional,exceptional,0.0,Positive
5,Exceptional,exceptional,0.0,Positive
5,Exceptional,exceptional,0.0,Positive
4,Superb,superb,0.6249,Positive
5,Exceptional,exceptional,0.0,Positive
5,Exceptional,exceptional,0.0,Positive
5,Exceptional,exceptional,0.0,Positive
4,Very good,good,0.4404,Positive
5,Exceptional,exceptional,0.0,Positive
4,Very good,good,0.4404,Positive
4,over all it was nicce,nicce,0.0,Positive
4,Very good,good,0.4404,Positive
4,Superb,superb,0.6249,Positive
3,Good,good,0.4404,Neutral
3,Pleasant,pleasant,0.5106,Neutral
3,Pleasant,pleasant,0.5106,Neutral
3,Pleasant,pleasant,0.5106,Neutral
1,Very poor,poor,-0.4767,Negative
4,Very good,good,0.4404,Positive
5,Exceptional,exceptional,0.0,Positive
4,Very good,good,0.4404,Positive
5,Exceptional,exceptional,0.0,Positive
5,Exceptional,spa really good breakfast fantastic highly recommend hotel,0.8705,Positive
5,Exceptional,great property nice location,0.7845,Positive
5,Exceptional,great place stay nice stay hotel everyone nice friendly,0.9169,Positive
5,Exceptional,soo good,0.4404,Positive
5,Exceptional,great experience adama haile resort great service clean well coming supporting team,0.9423,Positive
5,Exceptional,stayed one night great time staff friendly extremely polite cooperative,0.8074,Positive
5,Exceptional,exceptional,0.0,Positive
4,Very good,good,0.4404,Positive
5,Exceptional,exceptional,0.0,Positive
5,Impressed with the improved service,visited year impressed greatly improved service also provided tea time refreshment breakfast service good room quiet comfortable eco friendly,0.9422,Positive
5,Friendly and clean,staff friendly accommodation clean comfortable hotel well organized garden food delicious suit personally haile special juice good however tissue inconvenient remove makeup use toilet paper,0.9531,Positive
5,Exceptional,really try thank abreham customer service excellent ever want go recommend,0.8511,Positive
