Rating,Review_title,Review_comment,Sentiment_score,Sentiment
5,Exceptional,lake bird island gelila island staff haile resort,0.0,Positive
4,Lakeside comfort in Ziway,well kept resort friendly helpful staff arrange trip nearby lake reasonable rate location little way town handy lake,0.7964,Positive
4,Very good,air conditioning fan website not accurate,0.3182,Positive
4,Very good,staff kindness local refrigerator hot air conditioning net bed not comfortable,0.0767,Positive
4,Cofortable stay at perfect location,good location,0.4404,Positive
4,Great stay - we'll be back,wonderful stay ziway arrived allowed check room early without question breakfast great fresh egg omelette made order great coffee resort full bird fish eagle little yellow blue bird loved lush well kept property garden pool clean well presented lounge chair wooden mattress slightly broken area addressed given pool towel great bungalow small fan room sounded like airplane taking not use great mosquito mesh window sleep window open,0.5599,Positive
4,The orders are so great they are well trained of the customer service. I like to appreciate,breakfast great location easily locatable facilties like sauna steam poor tv include d tv,0.7096,Positive
3,Pleasant,not satisfied room helped u changing room need small refrigerator small lamp bedroom,-0.3252,Negative
3,Pleasant,junior suite balcony not exist hotel text updated boat lake service cancelled,-0.25,Negative
0,Bad,bad,-0.5423,Negative
5,Exceptional,super cite nice clean good facility gorgeous location super friendly staff,0.9732,Positive
5,Exceptional,place staff room also food,0.0,Positive
4,Very good,good,0.4404,Positive
4,Superb,superb,0.6249,Positive
4,Very good,good,0.4404,Positive
4,Superb,superb,0.6249,Positive
4,Very good,good,0.4404,Positive
4,Very good,good,0.4404,Positive
5,Exceptional,exceptional,0.0,Positive
5,Exceptional,exceptional,0.0,Positive
5,Exceptional,exceptional,0.0,Positive
3,Good,good,0.4404,Neutral
3,Good,good,0.4404,Neutral
4,Very good,good,0.4404,Positive
4,Very good,good,0.4404,Positive
3,Good,good,0.4404,Neutral
3,Pleasant,pleasant,0.5106,Neutral
5,Exceptional,room good spacious room bed adequate mattress soft resort nice garden stroll good gym nice pool breakfast typical ethiopian serf county delight abundance staff great certainly place go back,0.9709,Positive
5,Exceptional,visited hotel several time already welcomed home staff received open arm made stay nice always chat smile always given place allows strolling outside lakeside enjoy drink terras food taste internet stable available compound coffee ask local buna coffee teated delight,0.9432,Positive
4,Very good,nice welcoming staff area good food nice looking pool never used fair internet connection ethiopia price value correct garden nice observe monheys many type bird access lake shore walk way quite nice offer nice boat tour lake time not able probably next time sure come back bed good also found clean however always coming ant garden may uncomfortable people given free bottled drinking water every day housekeeping done nicely every day thing may improve rusty water come hand wash shower smell metallic rusty yellow colour probably rusted tank also nice get every room good mosquito net installed fix standard ask suggest sacrify one guest room garden install massage room able nicer place definitely best hotel option ziway come back,0.994,Positive
2,Fair,property need lot work,0.0,Negative
2,Reservation not honored,arrived night hotel pre paid reservation computer gave u lesser room higher rate wedding blasting right outside door mosquito inside mosquito net surprised quality chain hotel much lower awassa stayed night,-0.0772,Negative
5,Exceptional,friendliness staff deserves special mention especially manager always hand help location haile resort not better nature lover get money worth,0.8066,Positive
4,Very good,stayed garden room room nice window opened except patio door open front prefer room main building widow opened,0.4215,Positive
3,Good,getting bit tired rough around edge staff not super friendly ok fly buzzing around breakfast buffet food fact quite fly buzzing around ziway rude pool gym amanager shouting instruction guest positive swimming pool boat trip fun escape see hippo generally langano area much nicer ziway price sabana beach resort yet sabana beach idyllic,-0.2644,Negative
5,Exceptional,exceptional,0.0,Positive
5,Brilliant spot with excellent staff,place bit hard reach city centre every equipment caters comfort tiny gym sauna room inviting well broad spacious swimming pool room lake view superb enjoy sunrise window staff really assistant informative plus friendly bell boy offered change normal room room lake view extra charge traditional coffee shop next lobby pay birr overall love place really nice resort ever stayed affordable price truly recommend place,0.9808,Positive
4,Very good,nice garden well maintained good location allows pleasant walk,0.8779,Positive
4,Very good,small house nicely laid beautiful lake boat tour hippo possible,0.7783,Positive
3,Good,good stay worker not speak good english communication frustrating room good worker try hard make happy not top line good,0.8862,Positive
