Rating,Review_title,Review_comment,Sentiment_score,Sentiment
5,Exceptional,clean hotel also staff nice friendly great experience room beautiful comfortable,0.9638,Positive
4,A pleasant experience,excellent hotel staff enough shuttle pick make way seemed reluctant pick called,0.4019,Positive
4,Really was a new feeling,view stuff facility food not much,0.0,Positive
4,My stay was comfortable.,breakfast good staff courteous room need exterminator bug bathroom resort need renovation repair work,0.7351,Positive
4,Very good,like view front hotel time water time light,0.3612,Positive
3,"Probably the best choice in the town, but with its own issues",service really excellent staff trained greet smile guest creates really good ambience one non apparent advantage hotel electricity generator help lot power shortage city quite common view window hard beat room facing city course need double checked general many official un alike delegation hosted hotel also sign relative quality general cleanliness room average especially regard bed sheet laundry simply left unattended room problem drying machine phone room not functioning elevator go reception considerable drawback given city altitude,0.9133,Positive
4,Very good,best breakfast ethiopia found western standard leaking bathtub room,0.6369,Positive
0,Worst experience in Ethiopia. Dont ever stay there!,booked hotel advertise swimming pool problem constant cleaning maintenance not available use even though staff promise available following day room cold shower water go restaurant never get topping pizza summery asked discount bill due inconvenience refused,-0.6249,Negative
2,"May be the best hotel in Gondar, just consider standards are different from other places",wifi often saturated not allow connection breakfast looked stale shower drain clogged bathroom not flush properly bed linen felt cheap,-0.1695,Negative
5,I am very happy,good customer service,0.4404,Positive
4,Superb,happy quality accommodation airport pickup,0.5719,Positive
4,Superb,good location main site nice friendly staff appreciated airport shuttle pleasant room,0.9382,Positive
5,Amazing,amazing hotel great location gondar room clean strong wifi hot water also nice pool breakfast buffet huge dinner restaurant delicious reception staff absolutely fantastic organised tour castle gondar hiking simien mountain even early bus tsebri highly recommend haile resort,0.9824,Positive
2,Disappointing,hotel situated good location check process smooth foul smell coming bathroom space look well overdue renovation crack wall damaged door etc checkout experience horrible due inefficient system,-0.34,Negative
0,Do not go to haile gondar!!!!,hotel facility bad not fit name brand,-0.6818,Negative
2,Disappointing,really tasty food coffee really nicely decorated room traditional coffee friendly staff think place highly overrated presented one best country recommended rather disappointing not sure haile resort part country one not good price better maintenance needed room water kettle make tea room missing much cheaper hotel dent wall cable sticking light room flickering table lamp not working unpleasant experience hotel staff cleaning lady came knock door partner opened not explain english came walked room laying bed half naked half sleeping turned light hit switch room left without word word still quite shocked never happen please make sure also aware swimming pool resort apparently also open public not guest crowded moreover bed pool also half broken not comfortable maintenance needed many thing wrong unfortunately need give low score place cant recommend place stay gonder,-0.9355,Negative
0,Disappointing,food suck bathroom smell shower work,-0.4404,Negative
5,Great for the stay and city exploration,new clean comfortable,0.7184,Positive
5,Exceptional,solid stay gondar helpful staff comfortable clean room,0.8555,Positive
2,Disappointing,location noisy thing worked,-0.1779,Negative
0,They refused to respond my phone calls.,drive shoot phone,-0.34,Negative
4,Very good,good,0.4404,Positive
3,Pleasant,pleasant,0.5106,Neutral
4,Very good,good,0.4404,Positive
2,Disappointing,disappointing,-0.4939,Negative
4,Superb,superb,0.6249,Positive
4,Superb,superb,0.6249,Positive
4,Superb,superb,0.6249,Positive
5,Exceptional,exceptional,0.0,Positive
4,Superb,superb,0.6249,Positive
4,Superb,superb,0.6249,Positive
4,Superb,superb,0.6249,Positive
4,Superb,superb,0.6249,Positive
5,Exceptional,exceptional,0.0,Positive
5,Exceptional,exceptional,0.0,Positive
4,Superb,superb,0.6249,Positive
2,Passable,passable,0.0,Negative
1,Poor,poor,-0.4767,Negative
4,Very good,good,0.4404,Positive
3,Good,good,0.4404,Neutral
4,Very good,good,0.4404,Positive
3,Good,good,0.4404,Neutral
4,Superb,superb,0.6249,Positive
5,Exceptional,exceptional,0.0,Positive
4,Superb,superb,0.6249,Positive
2,Passable,passable,0.0,Negative
0,Bad,bad,-0.5423,Negative
4,Very good,one best hotel gondar staff speak much english popular event place local need expect noise,0.7906,Positive
5,Exceptional,excellent room,0.5719,Positive
5,Exceptional,exceptional,0.0,Positive
5,Exceptional,exceptional,0.0,Positive
4,Very good,staff friendly lot make feel comfortable,0.7579,Positive
5,Exceptional,attentive staff,0.0,Positive
5,Very good hotel but expensive,good hotel ethiopian standard friendly helpful staff clean large room decent tv bathroom need renovated hot shower wifi work router installed front room fridge hardly cool kettle room breakfast plentiful ethiopia also includes western dish egg dish fruit bread unfortunately price high,0.8809,Positive
5,Exceptional,went wife great experience,0.6249,Positive
1,Poor,poor,-0.4767,Negative
3,Good,good,0.4404,Neutral
3,Good,hotel pretty worn condition quite hot night average restaurant nice thing pool please note not restricted hotel guest arrived sunday completely full day user summary hotel pretty average pool nice,0.9229,Positive
4,International style accommodation in Gondar,hotel clean staff helpful pool look good however not use breakfast many choice including western dish compared ethiopia bed comfortable towel great specifically not close bathroom door shower not comfortable operate working wifi room unless stood door,0.959,Positive
5,Exceptional,excellent view gondar surrounding mountain staff attenetive friendly room clean nicely appointed,0.91,Positive
5,Great option at the more luxurious end in Gondar,relatively expensive good option gondar conveniently placed beautiful setting benefit slick comfortable restaurant premise outside terrace great evening drink watching sun set gondar planning hike simiens book return night resort store luggage free also upgraded junior suite without particular reason ascertain water pressure not great shower think gondar hotel staff great warm friendly engaged bit tired roughing make nice change pace western standard affordable price,0.9874,Positive
3,Good,good,0.4404,Neutral
4,Very good,good,0.4404,Positive
4,Comfortable stay,stayed simien mountain bike service great include complimentary airport pick drop room stayed comfortable everything needed dark though sun go lighting not good wifi terrible room though get standing right door better go outside lobby use inconvenient time stay went back gondar,0.8735,Positive
5,Highly recommended without a doubt.,detail fruit tray upon arrival comfortable room fridge kettle excellent breakfast view room great highly recommended staff attentive,0.9216,Positive
5,Exceptional,exceptional,0.0,Positive
2,Fair,bad check experience towel provided ask time course hour got bedsheets also damp not changed hour asked bathroom ventilation system awful smell toilet cigarette smoke neighbouring room room wall paper thin sandwiched noisy family guy tv full blast past reported reception lack ventilation room became incredibly hot morning kettle room lift elevator property either phone not work contact number sheet provided calling reception quickly lack conveniently placed power socket room free airport transfer helpful however wifi decent breakfast not bad,-0.8563,Negative
4,Very good,view castle good location quite near centre town property nice swimming pool functional least visit restaurant wide choice pretty good,0.8957,Positive
4,Very good,provided excellent guide breakfast good dinner inedible also ethiopian seated next eating traditional ethiopian food said barely ok stay hotel part eat anything except breakfast recommendation,0.818,Positive
5,Exceptional,nice hotel clean well located town close everything varied breakfast attentive staff,0.765,Positive
5,Exceptional,exceptional,0.0,Positive
4,Very good,like big room gave u unfortunately hot tub room not worked also amenity said dry wet sauna gym pool yet moment pool wanted enjoy dry sauna,0.5106,Positive
4,Very good,good hotel spa sauna not working month advertised booked,0.4404,Positive
5,Fully recommend,day enjoy time much hotel staff kind helpful room clean well equiped even hair conditiiner hairdryer cold drink,0.9217,Positive
4,"Wonderful staff, but a bit maintanance required",staff wonderful usual ethiopia wifi signal weak room connect corridor lighting room insufficient socket not work mosquito net breakfast ok elevator not big deal issue others location good quite close four sister restaurant not far away castle,0.7096,Positive
