Rating,Review_title,Review_comment,Sentiment_score,Sentiment
5,Exceptional,clean great staff delicious food great amenity,0.9393,Positive
5,Exceptional,beautiful hotel location helpful staff,0.7717,Positive
5,Exceptional,lovely area gorgeous view highly recommend visiting dorze village boat ride hiking spring,0.8908,Positive
5,Exceptional,excellent service great quality,0.8316,Positive
5,Exceptional,nice vacation place,0.4215,Positive
5,Exceptional,everything good professional breakfast spa massage pool worker hotel polite general really enjoyed stay haile resort thank hope come,0.8977,Positive
5,Exceptional,enjoyed amazing view courteous customer atmosphere every stuff member property starting airport shuttle service way hotel stay,0.886,Positive
5,Exceptional,clean resort beautiful view,0.765,Positive
4,Very good,hotel staff great really helpful arranging transportation option visit local township wifi access unstable especially room,0.6901,Positive
5,Exceptional,super friendly hospitality amazing room clean,0.9274,Positive
5,Exceptional,amazing view,0.5859,Positive
4,Very good,thanks,0.4404,Positive
5,Exceptional,absolutely stunning place exceptional customer service highly recommend,0.6894,Positive
5,Two thumbs up,absolutely loved stay haile view amazing food great staff terrific swam pool everyday enjoyed gym well sad leave back,0.9538,Positive
5,Coming back for sure,expected lot exceeded starting friendly reception good management handling minor complaint clean top experience,0.8126,Positive
5,THE NAME SPEAKS BY ITSELF- HAILE RESORT,organized accommodating thank comfort wonderful experience stay infact name speaks lot haile resort addis workessa,0.8271,Positive
5,Exceptional,everything,0.0,Positive
5,Exceptional,exceptional,0.0,Positive
5,Exceptional,exceptional,0.0,Positive
5,Exceptional,exceptional,0.0,Positive
5,Exceptional,nice hotel well equipped magnificent view pool side staff attentive need responsive efficient gave nice surprise birthday highly recommend,0.9628,Positive
5,Exceptional,exceptional,0.0,Positive
5,Exceptional,cleanliness friendly staff,0.4939,Positive
5,Exceptional,staff super nice,0.7717,Positive
5,Wonderful visitLoved Our Stay,rented premium suite family five added comfortable cot day two extremely comfortable adjoining room connected living area middle worth pay extra wake sunrise lake mountain absolutely gorgeous view air conditioning great asset shower pressure comfortably strong included morning buffet great la carte menu took hour prepare every time cost time feed five u convenient eat hotel sometimes food better cheaper paradise lodge tourisy hotel,0.9873,Positive
5,Perfect ! Amazing !,amazing thanks every one haile resort hope see,0.8625,Positive
5,magnificent,professional best service ever get thanks,0.7964,Positive
5,Exceptional,exceptional,0.0,Positive
5,Exceptional,international standard breakfast room cleaniness profesional staff service,0.0,Positive
5,Exceptional,exceptional,0.0,Positive
5,Exceptional,excellent stay family highly recommend people,0.7574,Positive
5,Exceptional,stay frequently count excellent service everything working order stress free staff wonderful like food much,0.886,Positive
5,Amazing staff with stunning scenery??,short amazing stay haile arbaminch helpful staff amazing smile clean environment breathtaking scenery cliff food taste great highly recommend lake side room best terrace view run activity wish hotel extends guest complementary facility courtesy shuttle pickup time rather checkout time afternoon airport shuttle service deeply satisfied proud recommend hotel,0.9921,Positive
4,Very good,great view abaya chamo lake good restaurant cleanness property,0.7906,Positive
5,Exceptional,beautiful view super clean everything worked great shower bathroom delicious food love staying,0.9735,Positive
5,Exceptional,hotel international standard service amenity including spa food superb variety location hotel scenic overlooking lake hill lash forest good getaway location away busy city,0.7906,Positive
5,Exceptional,mesmerised perfect hotel heavenly kind customer service thing say god bless whole staff haile resort keep nice service,0.9571,Positive
3,Good,spa really good people working spa department really good job generally employee working property treat customer really good room aminities like shampoo rooth paste shower cup paying lot doesnt even get basic aminities additionally food haile resort doesnt taste really good ua priced need work resturants,0.9515,Positive
5,Exceptional,great staff hotel best respectful far accommodate need customer love,0.9477,Positive
5,Room was spacious and clean. Staff vary friendly,room spacious clean staff friendly helpful hotel good location close restaurant amenity,0.891,Positive
5,Exceptional,haile resort excellent every sense,0.5719,Positive
4,Very good,like cleanness room restaurant serviceis excellent royal level reception start right gate follows way untill leave resort steam sauna spa complimentary massage also reasonable price couple thing not like book two room family charged addtion bed broght kid bit strange based experinces north american hotles try best accomodate guest another strange thing check wait till someone sent check room not know necessay specially credit card info opnion expected trust guest,0.9524,Positive
4,Very good,good,0.4404,Positive
5,Exceptional,attentive staff meet expectation everything good,0.4404,Positive
4,Very good,nice relaxing,0.7184,Positive
4,Very good,multiple time last year continues always clean neat food improving nicely service many time slow even people hotel covid service staff friendly nice gym cleaner machine working close door night limit mosquito hotel lobby,0.9531,Positive
4,Very good,location hill overlooking lake good staff food also good however front desk not provide tourist information access nearby world heritage site look since hotel good location nice tour desk guest ample time budget seem rent go one staying hotel seems go world famous konso poor local minibus,0.8126,Positive
4,Very good,scenery escarpment jungle lake hill background great,0.6249,Positive
5,Our best hotel experience in Ethiopia,best hotel experience ethiopia place nice beautiful view lake establishment recent well equipped comfortable restaurant good staff attentive,0.9595,Positive
3,Good,clean sharp great view great help staff,0.9274,Positive
5,Exceptional,great location view staff helpful good food,0.8689,Positive
4,Very good,new hotel arba minch beautifully located rift valley natural reserve forest valley lake nice facility good food nice staff good opportunity excursion spring lake chamo dorze village,0.9607,Positive
5,Exceptional,exceptional,0.0,Positive
5,Attentive and exceptional location for a sweet short stay,hospitality attentiveness staff beginning end welcoming professional nothing not like staff performed role consideration according person personal preference,0.5749,Positive
5,Exceptional,customer service staff well trained smiled every conversation elevator not working stay,0.6808,Positive
4,Superb,real good service friendly staff good room great view not much probably continental meal option ethiopian cuisine however good,0.9432,Positive
4,Very good,excellent breakfast beautiful location friendly staff weak wifi connection poor house keeping reminded clean room,0.8176,Positive
4,Superb,staff exceptional specially lady called meskerem work chef went beyond make sure need met view mesmerizing relaxing,0.6705,Positive
5,Exceptional,really love place staff professionalism totally feel like family memorable place,0.8059,Positive
5,Beautiful place,location staff food highlight stay,0.34,Positive
4,Superb,staff helpful location far city,0.4215,Positive
4,Extraordinary stay and comfort.,diverse really nutritional,0.0,Positive
5,Wonderful,exceptional staff front desk business office housekeeping particularly dining room bed comfortable,0.5106,Positive
4,Very good,staff exceptionally knowledgeable welcoming went way ensure taken care ambience resort quite breathtaking breakfast buffet quite nice offered english menu item definitely recommend anyone visiting arba minche negative part stay wifi wifi absolutely horrible worked day throughout resort never worked room use phone data portable myfi room,0.9016,Positive
4,fine stay with gorgeous views of two lakes,beautiful view friendly helpful staff,0.872,Positive
4,Superb,arrived told booking recieved didnt include lake view however booking disagreed staff customer friendly next day lake view room available switched u room great standard best placed ive stayed ethiopia pool great clean not evening activites like live music,0.9422,Positive
4,Highly recommend! Worth a visit.,fantastic view wonderful service staff friendly polite attentive english limited thing difficult communicate,0.7964,Positive
5,Exceptional hotel in beautiful location,much like hotel setting looking forest lake mountain stunning service first class every member staff eager please mr getasew particularly impressive ensured stay enjoyable possible nice choice breakfast room comfortable spotlessly clean stress importance booking lake view room much part experience hotel watching sunrise balcony real highlight cannot recommend hotel enough say must stay place arba minch anyone interested touring perfect stay short break people wishing relaxation beautiful location enjoy longer leisure facility quality hotel area top accommodation hard find communication via amessages booking com not usual standard need tweaking,0.9914,Positive
4,An excellent experience! Would recommend for anyone but smokers :D,almost everything one place smoking paying thing always bit slow,0.0,Positive
4,Very good,really satisfied enjoy thanks haile resort bad environment,0.7379,Positive
5,Exceptional,amazing location star customer service,0.5859,Positive
5,Excellent Service!,breakfast great treatment care shown staff phenomenon nice hotel closer lake overall everything great,0.9349,Positive
4,"Amazing service, good facilities and good staff ensured my stay was enjoyable.",staff provided exceptional service entire experience pleasant including food facility amazing pool not working time bummer entire stay ended going swim paradise lodge,0.9258,Positive
4,It was very great.,everything perfect expected room forest pool side view not,0.5719,Positive
4,Very good,view food quality room without working phone call reception,0.0,Positive
4,Superb,fair enough,0.3182,Positive
4,Out of town escapade to unwind,location ambience nothing negative particular,0.4585,Positive
5,Amazing,loved resort everyone nice friendly room super clean view resort super gorgeous food good wifi bit spotty slow everything else great,0.9854,Positive
3,Good,lovely location comfortable room waiter restaurant seemed try hard sweet service rather slow,0.8658,Positive
3,Good,beautiful location view wildlife gym limited activity terrible internet,-0.0258,Neutral
2,Disappointing,disappointed reseved bed side lake see nothing veiw,-0.4767,Negative
4,Very good,good,0.4404,Positive
4,Very good,good,0.4404,Positive
5,Exceptional,exceptional,0.0,Positive
4,Superb,superb,0.6249,Positive
4,Very good,good,0.4404,Positive
4,Very good,good,0.4404,Positive
5,Exceptional,exceptional,0.0,Positive
5,Exceptional,exceptional,0.0,Positive
4,Superb,superb,0.6249,Positive
5,Exceptional,exceptional,0.0,Positive
4,Very good,good,0.4404,Positive
5,Exceptional,exceptional,0.0,Positive
4,Very good,good,0.4404,Positive
4,Very good,good,0.4404,Positive
5,Exceptional,exceptional,0.0,Positive
4,Very good,good,0.4404,Positive
4,Superb,superb,0.6249,Positive
5,Exceptional,exceptional,0.0,Positive
4,Very good,good,0.4404,Positive
4,Superb,superb,0.6249,Positive
5,Exceptional,exceptional,0.0,Positive
4,Superb,superb,0.6249,Positive
5,Exceptional,exceptional,0.0,Positive
5,Exceptional,exceptional,0.0,Positive
4,Very good,good,0.4404,Positive
4,Very good,good,0.4404,Positive
4,Exceptional,exceptional,0.0,Positive
5,Exceptional,exceptional,0.0,Positive
2,Passable,passable,0.0,Negative
3,Good,good,0.4404,Neutral
3,Pleasant,pleasant,0.5106,Neutral
3,Pleasant,pleasant,0.5106,Neutral
3,Good,good,0.4404,Neutral
5,Exceptional,exceptional,0.0,Positive
5,Exceptional,exceptional,0.0,Positive
5,Exceptional,exceptional,0.0,Positive
5,Exceptional,exceptional,0.0,Positive
4,Superb,superb,0.6249,Positive
4,Very good,good,0.4404,Positive
4,Very good,good,0.4404,Positive
4,Very good,good,0.4404,Positive
4,Superb,superb,0.6249,Positive
4,Superb,superb,0.6249,Positive
4,Very good,good,0.4404,Positive
4,Superb,superb,0.6249,Positive
4,Very good,good,0.4404,Positive
