Rating,Review_title,Review_comment,Sentiment_score,Sentiment
5,Where 5+ star hotel experience exists,haile resort hawassa great choice anyone value cleanliness friendliness professional service resort well maintained spotless room facility staff courteous attentive efficient making sure every guest feel welcome satisfied service excellent check check everything resort also lot amenity pool spa gym restaurant location ideal close lake city center fantastic time haile resort hawassa definitely stay gem place ethiopia,0.9892,Positive
4,A fantastic resort with everything you need and more!,property comfortable clean landscaping impeccable staff hospitable food outstanding,0.875,Positive
4,Superb,great location view food facility quality haile hotel not disappointed far temperature shower not regulated well either boiling ice cold water come,0.7041,Positive
3,very enjoyable,nice location ground well taken care staff helpful friendly lot child,0.9201,Positive
4,Relaxing working weekend,space view atmosphere great comfort spacious balcony complement great room large comfortable sofachairs good working space lightning effectively organised gym wel equipped trainer available breakfast lacked healthy vegetarian option dinner menu card,0.9702,Positive
4,Very good,massage location friendly helpful staff jacuzzi hot tub not working lot wine unavailable,0.7184,Positive
4,Very nice always a pleasure to stay at the Haille,everything smoking area far away,0.0,Positive
4,Superb,water little,0.0,Positive
4,perfect get away for a weekend,staff exceptionally friendly helpful view wonderful really enjoyed stay,0.9308,Positive
4,A great stay for some relaxing days,great stay night resort loved stay bit longer room great view lake area hotel beautiful see lot different bird also hippo mum small baby staff really friendly helpful restaurant offer good meal good spa also loved area outside big tree snack drink wifi room quite weak,0.9835,Positive
4,Overall a wonderful stay,lot option wished plain scrambled egg bacon,0.0,Positive
4,"Great stay, very accommodating staff.",great place fantastic staff really made feel welcome front office team went way help film crew meal time request meal great always large selection traditional international cuisine available,0.9569,Positive
4,It was wow.,staff cooperativeness view,0.0,Positive
4,Was sweet and pretty,location good,0.4404,Positive
4,Overall very nice,great bkfst great staff little noisy night,0.8313,Positive
4,Very good,staff committment professional approach morning coffee breakfast old towel,0.0,Positive
4,highly recommended place,welcoming place quite chill stuff respectful amazing place beautiful view lake must try,0.9308,Positive
4,Very good,staff kindness cleaning service restaurant wifi poor continuously disconnecting,-0.0258,Positive
3,Perfect,location perfect room expected breakfast great lot variety staff polite welcoming,0.8934,Positive
4,Excellent stay. Very helpful and cheerful staff. Margret was exceptionally good,cheerful staff location hotel pool not heated heated pool add value propert,0.7096,Positive
3,Good,liked amazing nature view hotel welcoming staff room size airport free shuttle plus breakfast not good international option bakery not fresh not get room pm due huge group mosquito place,0.8941,Positive
4,Very good,breakfast staff member location entertaining facility not enough door key one room key family member five two room two door interconected,0.4404,Positive
4,thanks,good,0.4404,Positive
5,Perfect,breakfast delicious great variety food rich one select omelet boiled egg hot dish cold dish etc selection fruit rich freshly squeezed juice also loved black coffee hotel staff courteous go beyond accommodate help,0.9774,Positive
5,Exceptional,number ethiopia heart respect,0.5267,Positive
5,Exceptional,amazing location spacious comfortable room nice environment,0.872,Positive
5,Unforgettable and Memorable,excellent fantastic,0.8074,Positive
5,Exceptional,really happy staying haile resort stuff great coustemr service wish staying longer really happy every great clean,0.9705,Positive
5,Exceptional,pool spa gym seating area view staff room absolutely fantastic mekdes wedeye great server help curtain bit broken made work water bottle expensive staying day nice staying hotel discount restaurant also nice pool sitting area pool get hot nice sit shallow water also nice plant something first floor roof view nice dirty roof bit putting,0.9565,Positive
5,Great Hospitality.,ethiopian hotel learn try make swimming pool warm facility best keep also best family vacation cold swimming pool,0.8834,Positive
1,Good location but poor service!,location amazing specifically wine bar great towel bathroom literally beg called reception downstairs actually asked whether taken misplaced towel go reception time ask towel bathrobe kept saying send right away every time frustrating finally brought room almost later frustrating,0.4767,Negative
5,Exceptional,staff friendly lakeview amazing food restaurant really good,0.8805,Positive
5,Exceptional,enjoyed stay haile resort hawassa much view lake nice sunset enjoyed birdlife boat trip hotel nice saw hippo food great staff super friendly really recommand hotel door key not always work apparently sensetive telephone call,0.9732,Positive
1,Poor,everything great bad internet connection,0.1531,Negative
5,Exceptional,everything amazing location resort staff helpful specially mergert even organized special event wife passed exam thing every thing perfect,0.9186,Positive
5,Exceptional,suite confortable lot activity food delicious maybe city around hotel not visit enough careful want visit shashamene,0.5508,Positive
3,Good,good,0.4404,Neutral
1,Poor,poor,-0.4767,Negative
3,Good,good,0.4404,Neutral
4,Superb,superb,0.6249,Positive
4,Superb,superb,0.6249,Positive
3,Good,good,0.4404,Neutral
4,Very good,good,0.4404,Positive
4,Very good,good,0.4404,Positive
4,Superb,superb,0.6249,Positive
4,Very good,good,0.4404,Positive
4,Very good,good,0.4404,Positive
4,Superb,superb,0.6249,Positive
4,Very good,good,0.4404,Positive
3,Good,good,0.4404,Neutral
4,Superb,superb,0.6249,Positive
4,Very good,good,0.4404,Positive
4,Superb,superb,0.6249,Positive
3,Good,good,0.4404,Neutral
4,Very good,good,0.4404,Positive
4,Superb,superb,0.6249,Positive
3,Good,good,0.4404,Neutral
4,Very good,good,0.4404,Positive
4,Very good,good,0.4404,Positive
3,Good,good,0.4404,Neutral
4,Very good,good,0.4404,Positive
4,Superb,superb,0.6249,Positive
4,Superb,superb,0.6249,Positive
5,Exceptional,exceptional,0.0,Positive
5,Exceptional,exceptional,0.0,Positive
5,Exceptional,exceptional,0.0,Positive
5,Exceptional,best trip,0.6369,Positive
5,Exceptional,exceptional,0.0,Positive
5,Exceptional,exceptional,0.0,Positive
5,Exceptional,exceptional,0.0,Positive
5,Exceptional,exceptional,0.0,Positive
1,Very poor,poor,-0.4767,Negative
5,Exceptional,exceptional,0.0,Positive
3,Pleasant,pleasant,0.5106,Neutral
2,Passable,passable,0.0,Negative
5,Exceptional,exceptional,0.0,Positive
2,Passable,passable,0.0,Negative
5,Exceptional,exceptional,0.0,Positive
5,Exceptional,exceptional,0.0,Positive
4,Very good,good,0.4404,Positive
4,Very good,good,0.4404,Positive
4,Superb,superb,0.6249,Positive
4,Superb,superb,0.6249,Positive
4,Very good,good,0.4404,Positive
0,Bad,bad,-0.5423,Negative
0,Bad,bad,-0.5423,Negative
5,Exceptional,exceptional,0.0,Positive
5,Exceptional,exceptional,0.0,Positive
5,Exceptional,exceptional,0.0,Positive
5,Exceptional,exceptional,0.0,Positive
5,Fantastic stay!,fantastic property never cease amaze u well maintained garden clean lake bird happy hippo exceptional service reception housekeeping security food service breakfast buffet always highlight stay haile resort come gain,0.9265,Positive
5,Highly recommend,staff wonderful accommodating u weather supported u really appreciate place great swam pool wine lake saw hippo lake food tasty comfortable room highly recommend,0.961,Positive
5,Exceptional,great setting lake staff extremely friendly room quite comfortable,0.9039,Positive
5,Great resort!,wonderful attentive staff delicious breakfast meal gorgeous location,0.9081,Positive
5,Love this resort!,excellent service beautiful location delicious food warm atmosphere,0.9217,Positive
5,Magical place,good stay hotel staff helpful place superb food good game child great cardio machine gym old decoration restaurant bit old fashionned conclusion good time family magical setting,0.9623,Positive
5,Exceptional,amazing stay,0.5859,Positive
5,Exceptional,experience haile resort nothing short exceptional combination luxurious accommodation outstanding service prime location made memorable stay special mention go ephrem shuttle driver exceptionally courteous helpful making transfer airport seamless enjoyable highly recommend hotel anyone visiting awassa look forward returning next trip,0.9588,Positive
5,Exceptional,fabulous location clean,0.7269,Positive
5,Exceptional,lovely hotel great view lake restaurant good not overpriced clean room great shower staff nice,0.9472,Positive
5,Excellent,staff attentive need professional great stay location excellent,0.8316,Positive
5,Exceptional,beautiful amazing experience,0.8271,Positive
5,Exceptional,hotel full polite friendly staff felt white woman staying black partner female staff around restaurant interactive reason l givecthe hotel general thankyou looking u,0.4939,Positive
4,Very good,accounting redervation systemvery weak,-0.4404,Positive
5,Exceptional,resort awesome staff member professional every resort clean neat highly recommend haile resort love haile resort staff employee well educated know treat customer oh forget mention food delicious healthy house keeping number one left room breakfast house keeper clean room everything need room event big small haile resort birthday anniversary honeymoon reason said honeymoon beautiful wife really enjoyed honeymoon tell surprised decorated room every single day stay make cake honeymoon note get surprised thing covered haile resort paid room cake decoration room freeeeeee freeeeeee money gonna expend resort cheap compare safety matter haile resort haile resort left unforgettable memory honeymoon haile resort number one book not like clean room good customer service delicious healthy food safety consider mentioned choose haile resort haile resort haile resort book desta dibora,0.9949,Positive
3,Good,good,0.4404,Neutral
5,Exceptional,exceptional,0.0,Positive
5,Exceptional,exceptional,0.0,Positive
5,Exceptional,exceptional,0.0,Positive
5,Exceptional,exceptional,0.0,Positive
5,Exceptional,exceptional,0.0,Positive
5,Exceptional,exceptional,0.0,Positive
5,Exceptional,exceptional,0.0,Positive
4,Very good,good,0.4404,Positive
5,Exceptional,exceptional,0.0,Positive
5,Exceptional,exceptional,0.0,Positive
3,Good,good,0.4404,Neutral
5,Exceptional,exceptional,0.0,Positive
4,Very good,good,0.4404,Positive
5,Exceptional,exceptional,0.0,Positive
5,dream by the lake,staff extremely friendly polite started door security continued way free shuttle airport hotel spotlessly clean toilet constantly cleaned location lake fantastic see photo negative point restaurant like many restaurant ethiopia us glutamate cooking not problem recommend haile resort without reservation,0.9252,Positive
5,Exceptional,excellent resort beautiful location friendly staff,0.8957,Positive
5,Comfortable stay and helpful staff,great resort good service beautiful lake side view relaxed atmosphere,0.9337,Positive
5,Exceptional,excellent hotel friendly accommodating staff excellent food selection choice breakfast beautiful setting view lake awassa floor stunning changed every time looked window problem initial room request quickly fixed thing u,0.9371,Positive
5,Exceptional,exceptional,0.0,Positive
5,Exceptional,exceptional,0.0,Positive
5,Exceptional,exceptional,0.0,Positive
5,Exceptional,exceptional,0.0,Positive
5,Exceptional hotel,superb hotel amazing staff bc delicious food perfect equation great trip loved everything hotel,0.9758,Positive
5,Exceptional,exceptional,0.0,Positive
5,Exceptional,exceptional,0.0,Positive
5,great views!,enjoyable comfortable resort nicely priced first night view lake obstructed beautiful tree resort full night next night moved another room spectacular view lake,0.9186,Positive
5,Exceptional,beautiful view great room hotel staff friendly helpful child friendly atmosphere,0.9531,Positive
4,Lectures at MSc. course Wonod Genet,good shower needed turn minute every morgning order get hot water floor sea view internet connection extremely unstable stable internet connection one main reason hotel chosen needed som home work afternoon,0.3788,Positive
5,Exceptional,exceptional,0.0,Positive
4,Very good,good,0.4404,Positive
5,Exceptional,nice resort right lake friendly helpful staff food numerous variety something everyone recommended family huge playground bouncy castle small train minute flight addis ideal little break hustle bustle city,0.936,Positive
5,Exceptional,really clean pleasant room staff extremely friendly beautiful scenery,0.9354,Positive
4,Great location by the lake.,location great nice view lake balcony boat trip lake offer splendid experience seeing hippo different type bird living lake,0.8934,Positive
3,Good,huge difference good bad staff behavior,0.1779,Neutral
3,Good wievs is the best,staff friendly service minded wiev hotel amazing stuning hotel bit old not date pool area bit ruff cold dirty water breakfast poor not much choose staff really try best helpfull,0.7564,Positive
5,Exceptional,friendly staff excellent food stayed hotel family five day,0.7845,Positive
4,Very good,people please nice service quick service room nice view hawassa lake clean enjoyed stay,0.9169,Positive
4,"Good rooms, good views, bad food",room haile clean comfortable suite time lovely biggest complaint hotel food food terrible,0.6705,Positive
