Rating,Review_title,Review_comment,Sentiment_score,Sentiment
5,Exceptional,courteous friendly service nice spa facility delicious breakfast,0.9186,Positive
5,My stay at the Haile Grand Addis was a truly memorable experience for my first visit to Ethiopia.,stay haile grand addis hotel nothing short exceptional opulent decor impeccable service every aspect exuded luxury room offered great view including great view addis ababa night complemented indulgent amenity truly enhanced experience anyone seeking blend comfort sophistication haile grand addis hotel perfect choice offering unparalleled value luxurious stay,0.9769,Positive
5,It was amazing! Great location and friendly staff. Beautiful rooms,stay haile grand stay experience staff friendly helped u book taxi traditional dance group evening room amazing definitely enjoyed stay highly recommend haile grand,0.9674,Positive
5,"You, feel, welcomed, with great smiles. Their customer services is one of the best. The all time are there to make your",beautiful modern still charming old building spacious bright feel luxurious safe outside hotel feel bit unsafe luxury building opposite reality regular ethiopian go area feel unsafe however ethopian people extremely friendly welcoming,0.9646,Positive
5,"I had the best time, staying at this hotel, everyone are very friendly, welcoming, respectful, willing go above and beyo",hotel beautiful decoration layout room lighting spacious extremely clean feel secure step going spa challenging tired however keep fit need go gym,0.8676,Positive
5,it was a exelet stay.,location customer service brekafast staff,0.0,Positive
5,Exceptional,everything absolutely lovely place customer experience elevator bit worrying,0.4005,Positive
4,Good experience but for the cost of staying there Id rather go to another property,amazing location cleanliness staff sauna steam room pool room great view great room staff outstanding food taste better tasted bland price property charge expect meal exceptional fell short significant terrible experience spa message session booked spa team explained experience attempted recover free supper experience mentioned meal fall short every time really bother write cause staff kind tentative give credit trying,0.9756,Positive
5,Exceptional,try make indian food also provide smoking room smoker requested without balcony not good,0.2594,Positive
4,Great hotel with great staff and good value for money,great welcoming helpful staff noisy construction work next door intermittent power cut one day stay,0.7906,Positive
4,Too much noise by the house keeping staff early in the morning,front desk employes,0.0,Positive
5,Enjoyed our stay,customer service clean,0.4019,Positive
5,Exceptional,talk haile hotel resort talk staff staff friendly room beyond comfortable amazing,0.8834,Positive
5,Exceptional,hotel good clean good restaurant food,0.8176,Positive
5,My stay was lovely and awesome,property clean staff helpful food good whatever asked commentated,0.8126,Positive
5,Very good. We loved our stay after 3 weeks of voluntary work in Ethiopia,everything,0.0,Positive
5,Exceptional,outstanding local dish bonus,0.8176,Positive
5,Hospitality in real,hospitality beyond expectation keep good work hale,0.4404,Positive
4,satisfying,breakfast full amazing food rich quantity taste beyond expectation,0.8126,Positive
4,The staff very careful and helpful,good lift slow scary,-0.0772,Positive
5,My stay at Haile Grand Addis was Lovely. The room was comfortable and clean and the meals were great,breakfast good variety choose,0.4404,Positive
4,"Nice stay, best place to stay in Addis",recently pleasure staying haile grand addis hotel must say exceeded expectation moment arrived impressed excellent service provided staff not professional attentive also seemed genuinely happy working created warm welcoming atmosphere throughout stay one aspect particularly stood cleanliness hotel room immaculate common area always well maintained evident hotel take great pride ensuring high standard cleanliness guest furthermore impressed availability willingness staff assist request inquiry whether shuttle driver ensured smooth transportation room service staff provided prompt delicious meal receptionist always helpful accommodating cleaner kept room spotless everyone went beyond ensure comfortable enjoyable stay haile grand addis hotel truly provides international tourism standard rival many place stayed addis ababa evident prioritize satisfaction guest show every aspect service overall experience haile grand addis hotel exceptional not hesitate return recommend others looking hotel combine excellent service cleanliness genuine hospitality place stay,0.9966,Positive
4,"Great place to stay, I would stay again",location view great staff exceptional spa barber excercise massage etc great pool food good not exceptional soup good,0.9325,Positive
5,My best experience with Hile Grand,everything entering hotel checked hotel location entire staff customer service room cleanness restaurant food excellent sure come back,0.7184,Positive
4,It was worth it!,warm welcome complementary service breakfast elevator issue,0.5994,Positive
5,My family has enjoyed everything,excellent staff excellent food,0.8126,Positive
5,Exceptional,excellent staff,0.5719,Positive
5,"We had a fantastic time at Haile Grand Addis Ababa Resort, highly recommended!",love breakfast variety delicious food selection suit taste also make sure visit alem elfegn enjoyable experience ethiopian traditional food coffee tej addition ethiopian traditional music dance location perfect staff member kind providing wonderful service stay,0.9747,Positive
4,cool,fitness restaurant european menu,0.2732,Positive
5,Exceptional,hotel perfect chose coming back evening feeling coming home welcoming atmosphere liked hotel everything one need restaurant amazing rockview cafe swimming pool special appreciation beautiful fresh flower everywhere,0.9774,Positive
5,Exceptional,breakfast great staff amazing,0.836,Positive
4,stop-over for airport travel,nice hotel friendly helpfull staff,0.7184,Positive
4,Very good,staff service facility spa swimming pool room arrival check traditional restaurant breakfast presentation room,0.0,Positive
5,Excellent world class facility and service.,clean well lit facility incredibly friendly staff great food choice well thought use landscape lift need fixing upgrading,0.9294,Positive
4,Worth staying many more times,staff small swimming pool,0.0,Positive
4,Amazing,staff professionalism kindness readiness help notable particularly staff name yemi front office served smile got help needed everyday went way make sure stay amazing,0.9517,Positive
5,Great,bed comfortable worker friendly helpful food good yummy free breakfast buffet morning kid enjoyed food spree juice pizza swimming pool amazing best sauna really good macchiato love love wish bath tub tiny standing shower room,0.9926,Positive
5,Great modern hotel in Addis Ababa.,clean good modern facility staff friendly courteous location not close attraction meeting area non ethiopian food restaurant marginal quality,0.8631,Positive
4,"Great swimming pool, fitness centre, steam room and sauna with great opening hours, great staff.",great swimming pool fitness centre steam room sauna incredible opening hour particularly suited business traveler super friendly obliging staff highly recommended,0.9371,Positive
4,Overall it was good except the elevator issues,breakfast customer service cleanliness facility good elevator got locked u stayed minute took long time technician open manually also small elevator compared others shortage air inside addition think room price high hope improved future,0.7845,Positive
4,"the right place to stay. best internet connection in addis, good food and good sport and spa facilities",spa food quality people area not best distance airport bit far,-0.5216,Positive
5,it was greate experience,almost every time walk distance outside building go spa not good tired raining,0.0,Positive
5,Exceptional,clean comfy room exceptional service everyone nothing,0.4019,Positive
4,Very good,new hotel facility need free shuttle airport,0.5106,Positive
5,Only a one night stay . I wish it had been longer,early breakfast choice amazing,0.5859,Positive
4,Superb,everything great like advise everyone visit location,0.765,Positive
4,Superb,everything perfect room light not enough light wonderful otherwise everything perfect nice,0.8021,Positive
5,Exceptional,excellent service clean,0.7506,Positive
4,Superb,clean room friendly attentive staff,0.7096,Positive
4,"Exceptional, professional staff",politeness staff nothing far,0.0,Positive
4,Superb,something missing hotel spa steam sauna need steam sauna spa,-0.296,Positive
5,Exceptional,swimming room breakfast staff response excellent swimming room breakfast staff,0.5719,Positive
4,"One of the best places to stay in Addis Ababa, will definitely come back. Highly recommended",hotel brand new inviting staff welcoming helpful feel safe secure around hotel airport shuttle service great friendly helpful driver order room service food sometimes not warm general literature hotel amenity room service menu etc missing suite bar inside suite fridge glass drink well towel dry dish,0.9667,Positive
0,Bad,pool stayed everyone wear pool cap man usa not wear pool cap world traveler noone ever asked wear pool cap wife long braid not fit weekend ruined something state website rate day weekend ruined came pool,0.4585,Negative
3,Pleasant,dislike front desk,-0.3818,Negative
1,Poor,lounge bar service bad,-0.5423,Negative
3,It is very disappointing that till now booking.com nor the hotel refunded the advance payment.,good upon checkin july told assistant front office manager mr awet ghirmy advance payment etb charged adcb debit account never received hotel pay money returned back assistance matter appreciated,0.7,Neutral
1,Poor,staff horrible u,-0.5423,Negative
3,Very Nice property but far from the activities,staff helpful especially marketing lady keroli gave u nice tour hotel premise breakfast expectation especially bread dull dead,-0.4482,Negative
0,Bad,beautiful luxury hotel everything new hotel not internet day elevator not working day tv room not work phone room not work treadmill gym not work trip work trip impossible get work done hotel staff kept promising internet issue fixed asked cancel reservation remaining day left refused reimburse make new booking another hotel still not reimbursed even though manager promised get money soon receive email booking com sent several email response haile grand,0.836,Negative
2,Disappointing,added billing not disable checkout,0.0,Negative
5,I loved it,clean beautiful chilled place,0.765,Positive
5,Exceptional,exceptional,0.0,Positive
5,Exceptional,exceptional,0.0,Positive
4,Very good,good,0.4404,Positive
5,top,top,0.2023,Positive
5,Exceptional,exceptional,0.0,Positive
5,Exceptional,exceptional,0.0,Positive
5,Exceptional,exceptional,0.0,Positive
5,Exceptional,exceptional,0.0,Positive
4,Superb,superb,0.6249,Positive
4,Superb,superb,0.6249,Positive
4,Superb,superb,0.6249,Positive
5,Exceptional,exceptional,0.0,Positive
5,Exceptional,exceptional,0.0,Positive
5,Exceptional,exceptional,0.0,Positive
5,Exceptional,exceptional,0.0,Positive
5,Exceptional,exceptional,0.0,Positive
5,Exceptional,exceptional,0.0,Positive
5,Exceptional,exceptional,0.0,Positive
5,Exceptional,exceptional,0.0,Positive
4,Superb,superb,0.6249,Positive
5,Exceptional,exceptional,0.0,Positive
5,Exceptional,exceptional,0.0,Positive
5,Exceptional,exceptional,0.0,Positive
5,Exceptional,exceptional,0.0,Positive
5,Exceptional,exceptional,0.0,Positive
5,Exceptional,exceptional,0.0,Positive
5,Fabolous,fabolous,0.0,Positive
4,Very good,good,0.4404,Positive
5,Exceptional,exceptional,0.0,Positive
4,Very good,good,0.4404,Positive
5,Exceptional,exceptional,0.0,Positive
4,Superb,superb,0.6249,Positive
5,Exceptional,exceptional,0.0,Positive
4,Superb,superb,0.6249,Positive
4,Very good,good,0.4404,Positive
4,Superb,superb,0.6249,Positive
5,Exceptional,exceptional,0.0,Positive
4,Superb,superb,0.6249,Positive
5,Exceptional,exceptional,0.0,Positive
5,Exceptional,exceptional,0.0,Positive
5,Exceptional,exceptional,0.0,Positive
4,Superb,superb,0.6249,Positive
5,Exceptional,exceptional,0.0,Positive
5,Exceptional,exceptional,0.0,Positive
5,Exceptional,exceptional,0.0,Positive
4,Very good,good,0.4404,Positive
4,Superb,superb,0.6249,Positive
5,Exceptional,exceptional,0.0,Positive
4,Superb,superb,0.6249,Positive
5,Exceptional,exceptional,0.0,Positive
5,Exceptional,exceptional,0.0,Positive
5,Exceptional,exceptional,0.0,Positive
4,Superb,superb,0.6249,Positive
5,Exceptional,exceptional,0.0,Positive
4,Very good,good,0.4404,Positive
5,Exceptional,exceptional,0.0,Positive
5,Exceptional,exceptional,0.0,Positive
5,Exceptional,exceptional,0.0,Positive
5,Exceptional,exceptional,0.0,Positive
3,Good,good,0.4404,Neutral
3,Pleasant,pleasant,0.5106,Neutral
3,Pleasant,pleasant,0.5106,Neutral
0,Bad,bad,-0.5423,Negative
3,Good,good,0.4404,Neutral
1,Very poor,poor,-0.4767,Negative
3,Good,let smoke outside parking far street even though ashtray,0.0,Neutral
5,Exceptional,exceptional,0.0,Positive
5,Exceptional,exceptional,0.0,Positive
4,Superb,superb,0.6249,Positive
4,Superb,superb,0.6249,Positive
5,Exceptional,exceptional,0.0,Positive
5,Exceptional,exceptional,0.0,Positive
5,Exceptional,exceptional,0.0,Positive
4,Very good,good,0.4404,Positive
4,Very good,good,0.4404,Positive
4,Superb,superb,0.6249,Positive
4,Superb,superb,0.6249,Positive
5,Exceptional,exceptional,0.0,Positive
4,Superb,superb,0.6249,Positive
5,Exceptional,exceptional,0.0,Positive
5,Exceptional,exceptional,0.0,Positive
5,Exceptional,exceptional,0.0,Positive
5,Exceptional,exceptional,0.0,Positive
4,Superb,superb,0.6249,Positive
4,Very good,good,0.4404,Positive
2,Passable,passable,0.0,Negative
5,Exceptional,staff haile grand amazing thanking hospitality professionalism special acknowledgment go mesfin beza bitania helina yidenek,0.8591,Positive
5,Exceptional,staff friendly fluent english,0.4939,Positive
5,Exceptional,haile grand truly grand establishment highly recommend booking stay next trip addis ababa staff friendly helpful food delicious atmosphere relaxing,0.9738,Positive
5,Really great place to stay,great staff great environment food breakfast really good,0.908,Positive
5,Exceptional,around grand,0.4588,Positive
5,Exceptional,property cleanest property stayed addis ababa hotel staff always ready assure comfort room comfortable stuffy carpet crisp white linen freshness unbelievably clean hotel addis strongly recommend day,0.9459,Positive
5,Exceptional,simple tasteful decor ambience excellent helpful staff wonderful amenity,0.8807,Positive
5,Exceptional,beautiful hotel friendly efficient staff,0.872,Positive
5,Exceptional,staff super kind helpful lovely spot stay,0.9313,Positive
5,Exceptional,stay perfect,0.5719,Positive
5,Exceptional,staff staff helpful info addis ababa musuems eat thing see return hotel stay first class hotel,0.4215,Positive
5,Exceptional,staff super friendly helpful location good great view across addis,0.9509,Positive
5,Excellent,room clean staff friendly breakfast buffet impressive wonderful time,0.9169,Positive
4,Very good,awesome lovely calm property,0.8807,Positive
5,Exceptional,beautiful hotel excellent customer service delicious breakfast buffet best morocco steam sunna experience wait come back soon nigussie alemu,0.9477,Positive
5,Exceptional,great customer service clean food amazing much choose happy go back,0.936,Positive
5,Exceptional,elevator not working time nice old man like staff wonderful professional love,0.8429,Positive
5,Exceptional,property brand new month old said property clean organized inviting every single staff member amazingly friendly gracious ready assist way swimming pool beautiful high standard cleanliness maintained difficult believe densely populated city,0.948,Positive
5,Exceptional,loved place staff friendly professional room gorgeous ground lovely pool area wellness center clean well organised disappointment dinner sat bar area food came cold like not picky eater eaten lot great ethiopian food sandwich sauce tasted terrible wanted replace not longer hungry offered plate fruit nice bill came charged meal tried discus server refused even take amount let discourage enjoying place bit bad luck,0.9709,Positive
5,Exceptional,recently pleasure spending two night haile grand addis ababa hotel compelled share exceptional experience enjoyed stay moment arrived hotel ambiance exuded sophistication warmth staff welcoming demeanor set tone stay characterized genuine hospitality check process seamless attention detail evident every aspect hotel design decor one standout feature stay undoubtedly culinary experience food haile grand addis ababa surpassed expectation offering diverse delectable menu showcased finest local ethiopian international cuisine meal culinary masterpiece testament skill creativity chef whether breakfast lunch dinner every dish delightful exploration flavor level service provided hotel staff truly commendable concierge housekeeping team everyone demonstrated commitment excellence staff attention need prompt courteous response created environment felt genuinely cared throughout stay accommodation nothing short luxurious room tastefully decorated offering perfect blend comfort style attention cleanliness inclusion thoughtful amenity contributed restful indulgent experience moreover,0.9963,Positive
5,Exceptional,exceptional,0.0,Positive
5,Exceptional,exceptional,0.0,Positive
5,Exceptional,exceptional,0.0,Positive
3,Good,good,0.4404,Neutral
5,Exceptional,exceptional,0.0,Positive
4,Very good,good,0.4404,Positive
