Rating,Review_title,Review_comment,Hotel_site,Sentiment_score,Sentiment
5,Exceptional,very courteous and friendly service nice spa facilities delicious breakfast,Addis Ababa,0.9268,Positive
5,My stay at the Haile Grand Addis was a truly memorable experience for my first visit to Ethiopia.,my stay at the haile grand addis hotel was nothing short of exceptional from the opulent decor to the impeccable service every aspect exuded luxury the rooms offered great views including great views of addis ababa at night complemented by indulgent amenities that truly enhanced the experience for anyone seeking a blend of comfort and sophistication the haile grand addis hotel is the perfect choice offering unparalleled value for a luxurious stay ,Addis Ababa,0.9769,Positive
5,It was amazing! Great location and friendly staff. Beautiful rooms,our stay at haile grand was more than a stay it was an experience the staff were so friendly they helped us book taxis there was a traditional dance group for the evening the rooms are amazing and we definitely enjoyed our stay i would highly recommend haile grand,Addis Ababa,0.9709,Positive
5,"You, feel, welcomed, with great smiles. Their customer services is one of the best. The all time are there to make your",beautiful very modern and still charming of old building very spacious in bright feels luxurious and safe once you are outside the hotel feels bit unsafe this luxury is building is the opposite reality what regular ethiopian go through so area can feel unsafe however ethopian people are extremely friendly and very welcoming,Addis Ababa,0.9659,Positive
5,"I had the best time, staying at this hotel, everyone are very friendly, welcoming, respectful, willing go above and beyo",the hotel is beautiful from decoration to layout of the rooms lighting and very spacious extremely clean you feel very secure the steps going up to spa are can be challenging if you are tired however it can keep you fit don t need to go to the gym ,Addis Ababa,0.8764,Positive
5,it was a exelet stay.,the location customer service brekafast and staff,Addis Ababa,0,Positive
5,Exceptional,everything absolutely lovely place customer experience elevator was a bit worrying,Addis Ababa,0.4005,Positive
4,Good experience but for the cost of staying there I'd rather go to another property,amazing location cleanliness staff sauna and steam rooms pool rooms were great view is great from rooms staff were outstanding food taste could ve been better tasted bland and for the price the property charges you d expect the meal to be exceptional but it fell short my significant other had a terrible experience at the spa for a message session booked with their spa team we explained our experience to them and the attempted to recover with a free supper experience but as mentioned above the meal just falls short every time it really bothers me to write this cause the staff is so kind and tentative so i have to give them the credit for trying ,Addis Ababa,0.9623,Positive
5,Exceptional,try to make indian food also provide smoking rooms for smokers if requested without balcony is not good,Addis Ababa,-0.3412,Positive
4,Great hotel with great staff and good value for money,great welcoming and helpful staff noisy construction works next door intermittent power cuts on one day during stay,Addis Ababa,0.7845,Positive
4,Too much noise by the house keeping staff early in the morning,the front desk employes,Addis Ababa,0,Positive
5,Enjoyed our stay,customer service clean,Addis Ababa,0.4019,Positive
5,Exceptional,when we talk about haile hotel and resorts we talk about the staffs the staff were friendly and the room was beyond comfortable just amazing ,Addis Ababa,0.8834,Positive
5,Exceptional,hotel is very good and clean and good restaurant and food,Addis Ababa,0.8537,Positive
5,My stay was lovely and awesome,the property was very clean staff was very helpful the food was good whatever you asked for you were commentated with ,Addis Ababa,0.8396,Positive
5,Very good. We loved our stay after 3 weeks of voluntary work in Ethiopia,everything,Addis Ababa,0,Positive
5,Exceptional,outstanding the local dish is a bonus,Addis Ababa,0.8176,Positive
5,Hospitality in real,there hospitality is beyond my expectations keep up the good work hale s ,Addis Ababa,0.4404,Positive
4,satisfying,breakfast was full of amazing food both rich in quantity and taste it was beyond my expectation ,Addis Ababa,0.8126,Positive
4,The staff very careful and helpful,at all is good the lift very slow and scary,Addis Ababa,-0.144,Positive
5,My stay at Haile Grand Addis was Lovely. The room was comfortable and clean and the meals were great,the breakfast was good a variety to choose from,Addis Ababa,0.4404,Positive
4,"Nice stay, best place to stay in Addis",i recently had the pleasure of staying at the haile grand addis hotel and i must say it exceeded all my expectations from the moment i arrived i was impressed by the excellent service provided by the staff not only were they professional and attentive but they also seemed genuinely happy to be working there which created a warm and welcoming atmosphere throughout my stay one aspect that particularly stood out to me was the cleanliness of the hotel the rooms were immaculate and the common areas were always well maintained it s evident that the hotel takes great pride in ensuring a high standard of cleanliness for its guests furthermore i was impressed by the availability and willingness of the staff to assist with any requests or inquiries whether it was the shuttle driver who ensured smooth transportation the room service staff who provided prompt and delicious meals the receptionist who was always helpful and accommodating or the cleaners who kept the rooms spotless everyone went above and beyond to ensure a comfortable and enjoyable stay the haile grand addis hotel truly provides international tourism standards that rival many other places i ve stayed in addis ababa it s evident that they prioritize the satisfaction of their guests and it shows in every aspect of their service overall my experience at haile grand addis hotel was exceptional and i would not hesitate to return or recommend it to others if you re looking for a hotel that combines excellent service cleanliness and genuine hospitality this is the place to stay ,Addis Ababa,0.9982,Positive
4,"Great place to stay, I would stay again",location an view were great the staff was exceptional the spa with barber excercise massage etc were great as was the pool the food was good but not exceptional the soups were good,Addis Ababa,0.872,Positive
5,My best experience with Hile Grand,everything from entering the hotel until we checked out the hotel location the entire staff customers service the rooms cleanness and the restaurant food was excellent for sure we will come back ,Addis Ababa,0.7184,Positive
4,It was worth it!,the warm welcome the complementary services the breakfast some elevator issues,Addis Ababa,0.5994,Positive
5,My family has enjoyed everything,excellent staff and excellent food ,Addis Ababa,0.8126,Positive
5,Exceptional,excellent staff,Addis Ababa,0.5719,Positive
5,"We had a fantastic time at Haile Grand Addis Ababa Resort, highly recommended!",we love the breakfast there is a variety of delicious food selections that suit your taste also make sure to visit alem elfegn for an enjoyable experience with ethiopian traditional food coffee tej and the addition of ethiopian traditional music and dances the location is perfect and all the staff members were kind providing wonderful service during our stay ,Addis Ababa,0.9747,Positive
4,cool,fitness restaurant could have more european menu,Addis Ababa,0.2732,Positive
5,Exceptional,the hotel was the perfect chose on coming back in the evening i had a feeling of coming home that s how welcoming the atmosphere is i liked that the hotel has everything one needs restaurants amazing rockview cafe swimming pool and so on special appreciation for beautiful fresh flowers everywhere ,Addis Ababa,0.9787,Positive
5,Exceptional,the breakfast was great and the staff was amazing ,Addis Ababa,0.836,Positive
4,stop-over for airport travel,nice hotel friendly helpfull staff,Addis Ababa,0.7184,Positive
4,Very good,staff service facilities spa swimming pool room arrival check out traditional restaurant breakfast presentation at the room,Addis Ababa,0,Positive
5,Excellent world class facility and service.,very clean and well lit facility incredibly friendly staff great food choice well thought use of the landscape the lifts need fixing or upgrading ,Addis Ababa,0.939,Positive
4,Worth staying many more times,staff small swimming pool,Addis Ababa,0,Positive
4,Amazing,the staff professionalism kindness and readiness to help was notable particularly a staff by the name yemi at the front office she served with a smile got me all the help i needed everyday she went way up and above to make sure my stay was amazing ,Addis Ababa,0.9517,Positive
5,Great,the bed is comfortable the worker are very friendly and helpful food is so good and yummy they have free breakfast buffet in the morning my kids enjoyed the food sprees juice and pizza swimming pool is amazing they have the best sauna they have really good macchiato love it love it i wish they have bath tub they have tiny standing shower room,Addis Ababa,0.9937,Positive
5,Great modern hotel in Addis Ababa.,clean good and modern facilities staff is very friendly and courteous location is not very close to attractions meeting areas non ethiopian food in the restaurant is of marginal quality ,Addis Ababa,0.9405,Positive
4,"Great swimming pool, fitness centre, steam room and sauna with great opening hours, great staff.",great swimming pool and fitness centre and steam room and sauna with incredible opening hours particularly suited to a business traveler super friendly and obliging staff highly recommended,Addis Ababa,0.9371,Positive
4,Overall it was good except the elevator issues,the breakfast customer service cleanliness and most of the facilities are very good the elevator got locked on us and we stayed in there for about minutes it took a long time for a technician to open it manually it is also very small elevator compared to others and has shortage of air inside in addition i think the room price is too high i hope it will be improved in the future ,Addis Ababa,0.8016,Positive
4,"the right place to stay. best internet connection in addis, good food and good sport and spa facilities",the spa and the food the quality the people the area is not the best distance to airport is a bit far,Addis Ababa,-0.5216,Positive
5,it was greate experience,almost every time you have to walk a distance outside the building to go to the spa not good when you are tired and when it is raining,Addis Ababa,-0.6492,Positive
5,Exceptional,clean and comfy room exceptional service by everyone nothing,Addis Ababa,0.4019,Positive
4,Very good,new hotel with all the facilities you need with free shuttle to and from the airport ,Addis Ababa,0.5106,Positive
5,Only a one night stay . I wish it had been longer,had early breakfast choice was amazing ,Addis Ababa,0.5859,Positive
4,Superb,everything was great i would like to advise everyone to visit this location,Addis Ababa,0.765,Positive
4,Superb,everything is perfect room light is not enough if it is more light which will be wonderful otherwise everything is perfect and nice,Addis Ababa,0.9313,Positive
5,Exceptional,excellent service clean,Addis Ababa,0.7506,Positive
4,Superb,clean room with friendly and attentive staff ,Addis Ababa,0.7096,Positive
4,"Exceptional, professional staff",the politeness of the the staff nothing so far,Addis Ababa,0,Positive
4,Superb,something missing in this hotel there is no spa steam sauna we need steam sauna or spa,Addis Ababa,-0.5267,Positive
5,Exceptional,swimming room breakfast and staff s response i ve excellent swimming room breakfast and staff s,Addis Ababa,0.5719,Positive
4,"One of the best places to stay in Addis Ababa, will definitely come back. Highly recommended",the hotel is brand new and very inviting the staff is very welcoming and helpful you feel very safe and secure in and around the hotel airport shuttle service great very friendly and helpful drivers if you order room service food sometimes not warm general literature about hotel s amenities room service menu etc missing in the suite bar inside the suite should have a fridge and more glasses for drinks as well as towels to dry dishes ,Addis Ababa,0.9738,Positive
0,Bad,the pool is why we stayed but everyone had to wear a pool cap as a man from usa we don t wear pool caps as a world traveler noone ever asked me to wear a pool cap my wife had long braids so it would not fit so the weekend was ruined this is something you should state on your website my rate for you day weekend ruined we only came because of the pool,Addis Ababa,-0.8993,Negative
3,Pleasant,i have a dislike for the front desk ,Addis Ababa,-0.3818,Negative
1,Poor,lounge bar service bad,Addis Ababa,-0.5423,Negative
3,It is very disappointing that till now booking.com nor the hotel refunded the advance payment.,good upon my checkin on th july i was told by the assistant front office manager mr awet ghirmy that the advance payment of etb charged from my adcb debit account was never received by the hotel and i had to pay again this money has to be returned back to me your assistance it this matter will be appreciated,Addis Ababa,0.628,Positive
1,Poor,the staff were horrible to us,Addis Ababa,-0.5423,Negative
3,Very Nice property but far from the activities,the staff were very helpful especially the marketing lady keroli who gave us a very nice tour of the hotel premises the breakfast was below expectations especially the bread was very dull and dead,Addis Ababa,-0.3336,Negative
0,Bad,it is a beautiful luxury hotel everything is new the hotel has not had internet for days elevators was not working for days the tv in the room doesn t work the phones in the room doesn t work the treadmill in their gym doesn t work as this trip was work trip it was impossible to get some work done the hotel staff kept promising how internet issues will be fixed by am then by when i asked to cancel my reservation for the remaining days that i had left they refused to reimburse me i had make a new booking at another hotel i still have not been reimbursed even though the manager promised i would get my money as soon as they receive email booking com has sent several emails and no response from haile grand ,Addis Ababa,0.7717,Negative
2,Disappointing,you have added billing that we do not disable at checkout,Addis Ababa,0,Negative
5,I loved it,very clean and beautiful very chilled place ,Addis Ababa,0.7996,Positive
5,Exceptional,exceptional,Addis Ababa,0,Positive
5,Exceptional,exceptional,Addis Ababa,0,Positive
4,Very good,very good,Addis Ababa,0.4927,Positive
5,top,top,Addis Ababa,0.2023,Positive
5,Exceptional,exceptional,Addis Ababa,0,Positive
5,Exceptional,exceptional,Addis Ababa,0,Positive
5,Exceptional,exceptional,Addis Ababa,0,Positive
5,Exceptional,exceptional,Addis Ababa,0,Positive
4,Superb,superb,Addis Ababa,0.6249,Positive
4,Superb,superb,Addis Ababa,0.6249,Positive
4,Superb,superb,Addis Ababa,0.6249,Positive
5,Exceptional,exceptional,Addis Ababa,0,Positive
5,Exceptional,exceptional,Addis Ababa,0,Positive
5,Exceptional,exceptional,Addis Ababa,0,Positive
5,Exceptional,exceptional,Addis Ababa,0,Positive
5,Exceptional,exceptional,Addis Ababa,0,Positive
5,Exceptional,exceptional,Addis Ababa,0,Positive
5,Exceptional,exceptional,Addis Ababa,0,Positive
5,Exceptional,exceptional,Addis Ababa,0,Positive
4,Superb,superb,Addis Ababa,0.6249,Positive
5,Exceptional,exceptional,Addis Ababa,0,Positive
5,Exceptional,exceptional,Addis Ababa,0,Positive
5,Exceptional,exceptional,Addis Ababa,0,Positive
5,Exceptional,exceptional,Addis Ababa,0,Positive
5,Exceptional,exceptional,Addis Ababa,0,Positive
5,Exceptional,exceptional,Addis Ababa,0,Positive
5,Fabolous,fabolous,Addis Ababa,0,Positive
4,Very good,very good,Addis Ababa,0.4927,Positive
5,Exceptional,exceptional,Addis Ababa,0,Positive
4,Very good,very good,Addis Ababa,0.4927,Positive
5,Exceptional,exceptional,Addis Ababa,0,Positive
4,Superb,superb,Addis Ababa,0.6249,Positive
5,Exceptional,exceptional,Addis Ababa,0,Positive
4,Superb,superb,Addis Ababa,0.6249,Positive
4,Very good,very good,Addis Ababa,0.4927,Positive
4,Superb,superb,Addis Ababa,0.6249,Positive
5,Exceptional,exceptional,Addis Ababa,0,Positive
4,Superb,superb,Addis Ababa,0.6249,Positive
5,Exceptional,exceptional,Addis Ababa,0,Positive
5,Exceptional,exceptional,Addis Ababa,0,Positive
5,Exceptional,exceptional,Addis Ababa,0,Positive
4,Superb,superb,Addis Ababa,0.6249,Positive
5,Exceptional,exceptional,Addis Ababa,0,Positive
5,Exceptional,exceptional,Addis Ababa,0,Positive
5,Exceptional,exceptional,Addis Ababa,0,Positive
4,Very good,very good,Addis Ababa,0.4927,Positive
4,Superb,superb,Addis Ababa,0.6249,Positive
5,Exceptional,exceptional,Addis Ababa,0,Positive
4,Superb,superb,Addis Ababa,0.6249,Positive
5,Exceptional,exceptional,Addis Ababa,0,Positive
5,Exceptional,exceptional,Addis Ababa,0,Positive
5,Exceptional,exceptional,Addis Ababa,0,Positive
4,Superb,superb,Addis Ababa,0.6249,Positive
5,Exceptional,exceptional,Addis Ababa,0,Positive
4,Very good,very good,Addis Ababa,0.4927,Positive
5,Exceptional,exceptional,Addis Ababa,0,Positive
5,Exceptional,exceptional,Addis Ababa,0,Positive
5,Exceptional,exceptional,Addis Ababa,0,Positive
5,Exceptional,exceptional,Addis Ababa,0,Positive
3,Good,good,Addis Ababa,0.4404,Neutral
3,Pleasant,pleasant,Addis Ababa,0.5106,Positive
3,Pleasant,pleasant,Addis Ababa,0.5106,Positive
0,Bad,bad,Addis Ababa,-0.5423,Negative
3,Good,good,Addis Ababa,0.4404,Neutral
1,Very poor,very poor,Addis Ababa,-0.5256,Negative
3,Good,they only let you smoke outside of parking very far in the street even though there are ashtrays,Addis Ababa,0,Neutral
5,Exceptional,exceptional,Addis Ababa,0,Positive
5,Exceptional,exceptional,Addis Ababa,0,Positive
4,Superb,superb,Addis Ababa,0.6249,Positive
4,Superb,superb,Addis Ababa,0.6249,Positive
5,Exceptional,exceptional,Addis Ababa,0,Positive
5,Exceptional,exceptional,Addis Ababa,0,Positive
5,Exceptional,exceptional,Addis Ababa,0,Positive
4,Very good,very good,Addis Ababa,0.4927,Positive
4,Very good,very good,Addis Ababa,0.4927,Positive
4,Superb,superb,Addis Ababa,0.6249,Positive
4,Superb,superb,Addis Ababa,0.6249,Positive
5,Exceptional,exceptional,Addis Ababa,0,Positive
4,Superb,superb,Addis Ababa,0.6249,Positive
5,Exceptional,exceptional,Addis Ababa,0,Positive
5,Exceptional,exceptional,Addis Ababa,0,Positive
5,Exceptional,exceptional,Addis Ababa,0,Positive
5,Exceptional,exceptional,Addis Ababa,0,Positive
4,Superb,superb,Addis Ababa,0.6249,Positive
4,Very good,very good,Addis Ababa,0.4927,Positive
2,Passable,passable,Addis Ababa,0,Negative
5,Exceptional, all staffs of haile grand are amazing thanking you all for your hospitality and professionalism my special acknowledgment go to mesfin beza bitania helina yidenek,Addis Ababa,0.8591,Positive
5,Exceptional,the staff were friendly and fluent in english,Addis Ababa,0.4939,Positive
5,Exceptional,the haile grand is truly a grand establishment i highly recommend booking a stay on your next trip to addis ababa the staff was so friendly and helpful the food was delicious and the atmosphere was relaxing ,Addis Ababa,0.9771,Positive
5,Really great place to stay,great staff and great environment food and breakfast is really good ,Addis Ababa,0.908,Positive
5,Exceptional,all around grand ,Addis Ababa,0.4588,Positive
5,Exceptional,this property is the cleanest property i have stayed in in addis ababa the hotel staff are always ready to assure comfort and the rooms are very comfortable no stuffy carpets crisp white linen and freshness unbelievably clean for a hotel in addis i strongly recommend it any day ,Addis Ababa,0.9338,Positive
5,Exceptional,simple but tasteful decor and ambience excellent and helpful staff wonderful amenities ,Addis Ababa,0.9413,Positive
5,Exceptional,beautiful hotel with friendly and efficient staff,Addis Ababa,0.872,Positive
5,Exceptional,the staff was super kind and helpful lovely spot to stay ,Addis Ababa,0.9313,Positive
5,Exceptional,my stay was perfect,Addis Ababa,0.5719,Positive
5,Exceptional,the staff all staff was very helpful with info about addis ababa musuems where to eat and other things to see and do if i return it is the only hotel i would stay first class hotel ,Addis Ababa,0.4754,Positive
5,Exceptional,the staff are super friendly and helpful the location is good great views across addis,Addis Ababa,0.9509,Positive
5,Excellent,room was clean staffs were friendly breakfast buffet was impressive all in all i had a wonderful time ,Addis Ababa,0.9169,Positive
4,Very good,awesome lovely calm property,Addis Ababa,0.8807,Positive
5,Exceptional,very beautiful hotel excellent customer service very delicious breakfast buffet best morocco steam and sunna experience can t wait to come back soon nigussie alemu,Addis Ababa,0.9542,Positive
5,Exceptional,great customer service and very clean the food was amazing and so much to choose from i would be happy to go back there ,Addis Ababa,0.9392,Positive
5,Exceptional,the elevator is not working most of the time and it wasn t nice for an old man like me other than that the staff wonderful and professional love them all,Addis Ababa,0.9217,Positive
5,Exceptional,the property is brand new only a few months old that being said the property is clean organized and inviting every single staff member is amazingly friendly gracious and ready to assist in any way they can the swimming pool is beautiful and a high standard of cleanliness is maintained it was difficult to believe that you are in such a densely populated city ,Addis Ababa,0.9457,Positive
5,Exceptional,loved this place staff are so friendly and professional room was gorgeous grounds are lovely pool area and wellness center were clean and well organised the only disappointment was my dinner i sat in the bar area and my food came and it was cold and i didn t like it i am not a picky eater and have eaten lots of great ethiopian food the sandwich had a sauce on it that tasted terrible they wanted to replace it but i was not longer hungry they offered me a plate of fruit which was very nice but when the bill came they had charged me for the meal i tried to discuss it with the server and he refused to even take the amount don t let this discourage you from enjoying this place i just had a bit of bad luck ,Addis Ababa,0.8995,Positive
5,Exceptional,i recently had the pleasure of spending two nights at the haile grand addis ababa hotel and i am compelled to share the exceptional experience i enjoyed during my stay from the moment i arrived the hotel s ambiance exuded sophistication and warmth the staff s welcoming demeanor set the tone for a stay characterized by genuine hospitality the check in process was seamless and the attention to detail was evident in every aspect of the hotel s design and decor one of the standout features of my stay was undoubtedly the culinary experience the food at haile grand addis ababa surpassed all expectations offering a diverse and delectable menu that showcased the finest in local ethiopian and international cuisine each meal was a culinary masterpiece a testament to the skill and creativity of the chefs whether it was breakfast lunch or dinner every dish was a delightful exploration of flavors the level of service provided by the hotel staff was truly commendable from the concierge to the housekeeping team everyone demonstrated a commitment to excellence the staff s attention to my needs and their prompt and courteous responses created an environment where i felt genuinely cared for throughout my stay the accommodations were nothing short of luxurious my room was tastefully decorated offering a perfect blend of comfort and style the attention to cleanliness and the inclusion of thoughtful amenities contributed to a restful and indulgent experience moreover the,Addis Ababa,0.9963,Positive
5,Exceptional,exceptional,Addis Ababa,0,Positive
5,Exceptional,exceptional,Addis Ababa,0,Positive
5,Exceptional,exceptional,Addis Ababa,0,Positive
3,Good,good,Addis Ababa,0.4404,Neutral
5,Exceptional,exceptional,Addis Ababa,0,Positive
4,Very good,very good,Addis Ababa,0.4927,Positive
5,Exceptional,it is a very suitable and cozy place the view from the room was ,Adama,0,Positive
5,Exceptional,cleanness and quality of their services ,Adama,0,Positive
4,Very good,the food and service was very good the water pressure at the th floor is poor sometimes just a few drops then the pressure comes back in full then it decreases again,Adama,-0.5118,Positive
4,Superb,the table at the entrance with a light blue rack ,Adama,0,Positive
5,"I feel very good, confortabil and I can't wait to come back",i like the ristorante the food the room balcony i like the view all the staff very nice and kind i can t say nothing everything is fine,Adama,0.8797,Positive
5,"We had an amazing time at Adama Haile Resort, highly recommended??!",enjoyed the food and all the staff members were wonderfully kind during our stay the location is perfect ,Adama,0.936,Positive
5,Exceptional,very pleasant staff room space and facilities is exceptional ,Adama,0.5563,Positive
4,Superb,they have vere professional staff all foods are vary tasty,Adama,0,Positive
3,Enjoyed my stay and the staff's friendliness.,good service and engaged to answer questions and resolve problems especially the service staff was excellent and attentive the spa also provided great service cleanliness in the sitting area in the lounge ,Adama,0.9231,Positive
5,very nice,your staffs is very nice bad parking,Adama,-0.1742,Positive
4,"The location is great and it is conducive for business, rest and pleasure.",the breakfast was good but some of the foods were cold the location is fantastic and conducive for work and rest there was no secured internet so i could not use it hopefully efforts would be made to install secured internet since the place is far away from the city ,Adama,0.8505,Positive
3,Good,gym and health center liked most food not that tastefull for european customers ,Adama,0.4215,Neutral
5,Exhilarating,breakfast was yummy and generous rooms r super clean and organized very classy the pool is very nice as well as the sauna bath just work on your macchiato cappuccino from the breakfast menu also fix your steam bath as soon as possible ,Adama,0.968,Positive
1,I wish if I could write more positive about the property,location property rooms no water in the morning untrained staff,Adama,-0.296,Negative
3,Pleasant,the room the staff the spa the food vegeterian fasting food very chilly hot better if milder with a lot more variety ,Adama,0.4877,Neutral
1,It was a nice business meeting with helpful locals. The town is unattractive.,the venue was chosen by the organizers of our stay so it should be among the best available and we should not pay food was of course local sufficiently mild for western visitors i could manage reasonable breakfast fruit juices just squeezed only one type per day if you are lucky you get fantastic pineapple with pulp inside buffet lunch was manageable i had plain rice and ingera that makes good to work in the afterlunch i should have been more careful on what to choose for dinner once i made a spicy mistake my misunderstanding and fault a very nice three layer fruit spritz just the word don t know what italian spritz is with avocado mango and whatever was the other green on top local coffee is among the best if the lady does not overcook the room bathroom is awful the shower sprayed cold water all around another colleague had piping hot water which is also no good i could not understand from the maids when they would do my room i don t mind i make up my bed also at home there were problems with electronic payment i was lucky there are different wireless in the different areas and in the most important one the meeting venue there was no internet also the mike was unreliable ,Adama,0.939,Negative
4,Very good,very good,Adama,0.4927,Positive
5,Exceptional,exceptional,Adama,0,Positive
5,Exceptional,exceptional,Adama,0,Positive
5,Exceptional,exceptional,Adama,0,Positive
5,Exceptional,exceptional,Adama,0,Positive
5,Exceptional,exceptional,Adama,0,Positive
5,Exceptional,exceptional,Adama,0,Positive
3,Good,good,Adama,0.4404,Neutral
5,Exceptional,exceptional,Adama,0,Positive
5,Exceptional,exceptional,Adama,0,Positive
5,Exceptional,exceptional,Adama,0,Positive
4,Superb,superb,Adama,0.6249,Positive
5,Exceptional,exceptional,Adama,0,Positive
5,Exceptional,exceptional,Adama,0,Positive
5,Exceptional,exceptional,Adama,0,Positive
4,Very good,very good,Adama,0.4927,Positive
5,Exceptional,exceptional,Adama,0,Positive
4,Very good,very good,Adama,0.4927,Positive
4,over all it was nicce,over all it was nicce,Adama,0,Positive
4,Very good,very good,Adama,0.4927,Positive
4,Superb,superb,Adama,0.6249,Positive
3,Good,good,Adama,0.4404,Neutral
3,Pleasant,pleasant,Adama,0.5106,Positive
3,Pleasant,pleasant,Adama,0.5106,Positive
3,Pleasant,pleasant,Adama,0.5106,Positive
1,Very poor,very poor,Adama,-0.5256,Negative
4,Very good,very good,Adama,0.4927,Positive
5,Exceptional,exceptional,Adama,0,Positive
4,Very good,very good,Adama,0.4927,Positive
5,Exceptional,exceptional,Adama,0,Positive
5,Exceptional,the spa was really good and the breakfast was fantastic highly recommend the hotel ,Adama,0.862,Positive
5,Exceptional,great property nice location,Adama,0.7845,Positive
5,Exceptional,great place to stay we had a very nice stay at the hotel everyone was very nice and friendly,Adama,0.9294,Positive
5,Exceptional,soo good,Adama,0.4404,Positive
5,Exceptional,i had a great experience in adama haile resort great service clean very well coming and supporting team ,Adama,0.945,Positive
5,Exceptional,i stayed for one night and i had a great time the staff are very friendly extremely polite and very cooperative ,Adama,0.8221,Positive
5,Exceptional,exceptional,Adama,0,Positive
4,Very good,very good,Adama,0.4927,Positive
5,Exceptional,exceptional,Adama,0,Positive
5,Impressed with the improved service,i visited again after a year and i was impressed by the greatly improved service they also provided tea time refreshments and the breakfast service was very good the room was quiet and comfortable because it was eco friendly ,Adama,0.945,Positive
5,Friendly and clean,the staff are all friendly and the accommodations are clean and comfortable the hotel is in a well organized garden and the food is delicious and suits me personally the haile special juice is good however there are no tissues so it is inconvenient to remove makeup use toilet paper ,Adama,0.9407,Positive
5,Exceptional,i really try to thank abreham his customer service is excellent who ever wants to go i recommend to him ,Adama,0.8387,Positive
5,Exceptional,clean great staff delicious foods and great amenities ,Arba Minch,0.9393,Positive
5,Exceptional,beautiful hotel and location and very helpful staff,Arba Minch,0.7902,Positive
5,Exceptional,lovely area gorgeous views highly recommend visiting the dorze village a boat ride and hiking to the springs ,Arba Minch,0.8908,Positive
5,Exceptional,excellent service and great quality ,Arba Minch,0.8316,Positive
5,Exceptional,nice vacation places,Arba Minch,0.4215,Positive
5,Exceptional,everything was very good and professional breakfast spa massage pool and the worker from the hotel are very polite in general i really enjoyed my stay in haile resort thank you hope to come again ,Arba Minch,0.9039,Positive
5,Exceptional,enjoyed the amazing view the courteous customer atmosphere from every stuff members in the property starting from the airport shuttle service all the way to our hotel stay,Arba Minch,0.886,Positive
5,Exceptional,clean resort with beautiful view ,Arba Minch,0.765,Positive
4,Very good,the hotel and staff were great wasn t really helpful with arranging transportation options to visit the local township wifi access was very unstable especially in the room,Arba Minch,0.6597,Positive
5,Exceptional,they all super friendly the hospitality is very amazing and the rooms are very clean,Arba Minch,0.9347,Positive
5,Exceptional,amazing view ,Arba Minch,0.5859,Positive
4,Very good,thanks ,Arba Minch,0.4404,Positive
5,Exceptional,absolutely stunning place with exceptional customer service highly recommend ,Arba Minch,0.6894,Positive
5,Two thumbs up,we absolutely loved our stay at haile the view was amazing the food was great and the staff were terrific we swam in the pool everyday and enjoyed the gym as well we were sad to leave and we will be back ,Arba Minch,0.9538,Positive
5,Coming back for sure,we expected a lot but it was exceeded starting from friendly reception up to good management in handling minor complaints very clean top experience,Arba Minch,0.9044,Positive
5,THE NAME SPEAKS BY ITSELF- HAILE RESORT,very organized accommodating thank you for the comfort wonderful experience that we had during our stay infact the name speaks by itself a lot haile resort addis workessa,Arba Minch,0.8387,Positive
5,Exceptional,everything,Arba Minch,0,Positive
5,Exceptional,exceptional,Arba Minch,0,Positive
5,Exceptional,exceptional,Arba Minch,0,Positive
5,Exceptional,exceptional,Arba Minch,0,Positive
5,Exceptional,very nice hotel well equipped with a magnificent view from the pool side the staff was very attentive to our needs responsive and efficient they gave me a nice surprise for my birthday i highly recommend ,Arba Minch,0.9668,Positive
5,Exceptional,exceptional,Arba Minch,0,Positive
5,Exceptional,cleanliness and friendly staff,Arba Minch,0.4939,Positive
5,Exceptional,the staff were super nice,Arba Minch,0.7717,Positive
5,Wonderful visit'Loved Our Stay,we rented a premium suite for our family of five and added a comfortable cot for a day the two extremely comfortable adjoining rooms connected to a living area in the middle it was worth it to pay the extra to wake up to the sunrise over the lake with the mountains absolutely gorgeous views the air conditioning was a great asset and the shower pressure was comfortably strong the included morning buffet was great but the a la carte menu took an hour to prepare every time and it cost etb each time to feed five of us while it was convenient to eat at the hotel sometimes the food was better and cheaper at paradise lodge and the tourisy hotel ,Arba Minch,0.9754,Positive
5,Perfect ! Amazing !,it was amazing thanks for every one in haile resort hope see you again ,Arba Minch,0.8625,Positive
5,magnificent,very professional the best service i ever get thanks,Arba Minch,0.8107,Positive
5,Exceptional,exceptional,Arba Minch,0,Positive
5,Exceptional,international standard breakfast room cleaniness profesional staff services,Arba Minch,0,Positive
5,Exceptional,exceptional,Arba Minch,0,Positive
5,Exceptional,it s an excellent stay me and family highly recommend this to people ,Arba Minch,0.7574,Positive
5,Exceptional,we stay here frequently because we can count on excellent service and everything being in working order it is stress free the staff are wonderful and we like the food very much ,Arba Minch,0.886,Positive
5,Amazing staff with stunning scenery??,we had a short but amazing stay at haile s arbaminch very helpful staff with amazing smiles clean environment with breathtaking scenery from a cliff the food tastes great i highly recommend the lake side rooms for the best terrace view you can t run out of activities out there but i wish the hotel extends its guest complementary facilities as a courtesy until shuttle pickup time rather than checkout time which is am for a pm afternoon airport shuttle service we are deeply satisfied and proud to recommend this hotel ,Arba Minch,0.9967,Positive
4,Very good,great view of abaya and chamo lakes good restaurant cleanness of the property ,Arba Minch,0.7906,Positive
5,Exceptional,beautiful view super clean everything worked great shower in bathroom delicious food we love staying here ,Arba Minch,0.9735,Positive
5,Exceptional,this hotel has international standards services amenities including the spa the food was superb and had variety the location of the hotel is scenic overlooking the lake hills and lash forest a good getaway location away from busy cities ,Arba Minch,0.7906,Positive
5,Exceptional,i am mesmerised by this perfect hotel with heavenly kind of customer service the only thing i can say is god bless the whole staff at haile resort keep up the nice service ,Arba Minch,0.9439,Positive
3,Good,the spa is really good and the people working in the spa department did a really good job in generally all employees working in this property treat their customers really good but they were out of some room aminities like shampoo rooth paste shower cup and some more we are paying a lot but doesnt even get the basic aminities additionally the food in most of the haile resorts doesnt taste really good but it ua over priced he need to work on that on most of his resturants ,Arba Minch,0.9284,Positive
5,Exceptional,great staff this hotel is the best and most respectful by far they accommodate all needs for customers i love them ,Arba Minch,0.9501,Positive
5,Room was spacious and clean. Staff vary friendly,room was spacious and clean staff very friendly and helpful hotel is in a good location close to restaurants and other amenities ,Arba Minch,0.9033,Positive
5,Exceptional,haile resort it was excellent in every sense ,Arba Minch,0.5719,Positive
4,Very good,i like the cleanness of the rooms and the restaurants the serviceis excellent the royal level reception starts right at the gate and follows you all the way untill you leave the resort steam sauna and spa are complimentary massage is also at very reasonable price couple of things i didn t like i had to book two rooms for family of and i was charged for addtion bed they broght for a kid this is a bit strange based on experinces in north american where hotles try their best to accomodate their guests another strange thing was at the check out you have to wait till someone is sent to check the room i don t know if that is necessay specially if they have your credit card info in my opnion they are expected to trust their guest ,Arba Minch,0.9524,Positive
4,Very good,very good,Arba Minch,0.4927,Positive
5,Exceptional,very attentive staff meets our expectations everything is good,Arba Minch,0.4404,Positive
4,Very good,very nice and relaxing,Arba Minch,0.762,Positive
4,Very good,we have been here multiple times over the last few years it continues to be always clean and neat the food is improving nicely service is many times slow even now when few people are here in the hotel because of covid service staff are very friendly and nice the gym is cleaner than before and the machines are working they should close the doors at night to limit mosquitoes in the hotel lobby ,Arba Minch,0.9569,Positive
4,Very good,the location on the hill overlooking the lake is good and the staff and food are also good however the front desk does not provide any tourist information such as access to nearby world heritage sites so you have to look it up yourself since the hotel is in such a good location it would be nice to have a tour desk guests with ample time and budget seem to rent wds and go out on their own no one staying at this hotel seems to go to the world famous konso in a poor local minibus ,Arba Minch,0.7351,Positive
4,Very good,the scenery from the escarpment down to the jungle lakes and hills in the background is great ,Arba Minch,0.6249,Positive
5,Our best hotel experience in Ethiopia,our best hotel experience in ethiopia the place is nice with a beautiful view of the lakes the establishment is recent well equipped and comfortable the restaurant is very good too and the staff attentive ,Arba Minch,0.9612,Positive
3,Good,very clean and sharp great views great help staff,Arba Minch,0.9312,Positive
5,Exceptional,great location and views staff very helpful good food ,Arba Minch,0.8852,Positive
4,Very good,this new hotel in arba minch is beautifully located at the rift valley above the natural reserve forest and the valley lakes very nice facilities good food and very nice staff good opportunities to excursions to the springs lake chamo and dorze villages ,Arba Minch,0.9653,Positive
5,Exceptional,exceptional,Arba Minch,0,Positive
5,Attentive and exceptional location for a sweet short stay,hospitality and attentiveness of all staff from the beginning to the end very welcoming and professional there was nothing that i did not like the staff all performed there role with consideration and according to the person personal preference ,Arba Minch,0.2693,Positive
5,Exceptional,the customer service the staff is well trained they smiled on every conversation the elevator wasn t working during my stay,Arba Minch,0.6808,Positive
4,Superb,real good service friendly staff good rooms and a great view not much probably only some more continental meal options the ethiopian cuisine is however good ,Arba Minch,0.9432,Positive
4,Very good,excellent breakfast beautiful location and friendly staff weak wifi connection poor house keeping had to reminded to clean up the room ,Arba Minch,0.8176,Positive
4,Superb,the staff was exceptional specially lady called meskerem who works as a chef went above and beyond to make sure our needs were met the view is mesmerizing and relaxing ,Arba Minch,0.6705,Positive
5,Exceptional,i really love the place and the staff professionalism totally i feel like a family it is memorable place ,Arba Minch,0.8059,Positive
5,Beautiful place,the location staff and food were the highlights of our stay ,Arba Minch,0,Positive
4,Superb,the staff s are so helpful the location is far from the city,Arba Minch,0.5598,Positive
4,Extraordinary stay and comfort.,diverse and really nutritional,Arba Minch,0,Positive
5,Wonderful,exceptional staff at the front desk business office housekeeping and particularly the dining rooms beds were comfortable ,Arba Minch,0.5106,Positive
4,Very good,the staff was exceptionally knowledgeable and very welcoming they went out of their way to ensure that we were taken care of the ambience of the resort is quite breathtaking the breakfast buffet was quite nice but could have offered more english menu items i would definitely recommend it for anyone visiting arba minche the only negative part of the stay was the wifi the wifi was absolutely horrible it worked off and on during the day throughout the resort and it never worked in the room we had to use phone data or a portable myfi when in the room ,Arba Minch,0.4118,Positive
4,fine stay with gorgeous views of two lakes,beautiful views friendly and helpful staff ,Arba Minch,0.872,Positive
4,Superb,when we arrived we were told that the booking they recieved didnt include lake view however my booking disagreed the staff were very customer friendly and the next day when the lake view room was available they switched us the rooms had a great standard best placed ive stayed in ethiopia the pool was great and clean there weren t any evening activites like live music ,Arba Minch,0.9627,Positive
4,Highly recommend! Worth a visit.,fantastic views and wonderful service the staff were friendly polite and attentive but english was very limited so some things were difficult to communicate ,Arba Minch,-0.0745,Positive
5,Exceptional hotel in beautiful location,there is so much to like about this hotel the setting looking out to the forests lakes and mountains is stunning the service is first class with every member of staff eager to please mr getasew was particularly impressive and ensured that our stay was as enjoyable as possible there is a nice choice at breakfast the rooms are comfortable and spotlessly clean i would stress the importance of booking a lake view room as this is very much part of the experience with this hotel watching the sunrise from the balcony was a real highlight i cannot recommend this hotel enough and would say that it is the must stay place in arba minch for anyone interested in touring it is the perfect stay for a short break those people wishing for relaxation in a beautiful location could enjoy longer with the leisure facilities a quality hotel in an area in which top accommodation is hard to find the communication via messages on booking com was not up to the usual standard and needs tweaking ,Arba Minch,0.9916,Positive
4,An excellent experience! Would recommend for anyone but smokers :D,almost everything there was only one place for smoking and paying for things was always a bit slow ,Arba Minch,0,Positive
4,Very good,i really satisfied and enjoy thanks haile resorts bad environment,Arba Minch,0.7146,Positive
5,Exceptional,amazing location star customer service ,Arba Minch,0.5859,Positive
5,Excellent Service!,breakfast was great treatment and care shown by staff was phenomenon it would have been nice if the hotel was closer to the lake but overall everything was great ,Arba Minch,0.9042,Positive
4,"Amazing service, good facilities and good staff ensured my stay was enjoyable.",the staff provided exceptional service the entire experience was pleasant including food and facilities it was amazing the pool was not working at the time this was a bummer the entire stay we ended up going for a swim at paradise lodge ,Arba Minch,0.8658,Positive
4,It was very great.,everything was perfect i expected our rooms to have the forest pool side view but it was not ,Arba Minch,0.3291,Positive
4,Very good,the views and food quality the room without working phone to call reception,Arba Minch,0,Positive
4,Superb,fair enough,Arba Minch,0.3182,Positive
4,Out of town escapade to unwind,the location and ambience nothing negative in particular,Arba Minch,0.4585,Positive
5,Amazing,loved the resort everyone was so nice and friendly the rooms are super clean and the view from the resort is super gorgeous and the food is so good the wifi is bit spotty and slow but everything else great ,Arba Minch,0.9693,Positive
3,Good,lovely location and comfortable rooms the waiters in the restaurant seemed to try hard and were very sweet but the service was rather slow,Arba Minch,0.6701,Positive
3,Good,the beautiful location and views wildlife the gym limited activities terrible internet,Arba Minch,-0.0258,Neutral
2,Disappointing,i disappointed with the reseved bed on the other side of the lake i could see nothing veiw,Arba Minch,-0.4767,Negative
4,Very good,very good,Arba Minch,0.4927,Positive
4,Very good,very good,Arba Minch,0.4927,Positive
5,Exceptional,exceptional,Arba Minch,0,Positive
4,Superb,superb,Arba Minch,0.6249,Positive
4,Very good,very good,Arba Minch,0.4927,Positive
4,Very good,very good,Arba Minch,0.4927,Positive
5,Exceptional,exceptional,Arba Minch,0,Positive
5,Exceptional,exceptional,Arba Minch,0,Positive
4,Superb,superb,Arba Minch,0.6249,Positive
5,Exceptional,exceptional,Arba Minch,0,Positive
4,Very good,very good,Arba Minch,0.4927,Positive
5,Exceptional,exceptional,Arba Minch,0,Positive
4,Very good,very good,Arba Minch,0.4927,Positive
4,Very good,very good,Arba Minch,0.4927,Positive
5,Exceptional,exceptional,Arba Minch,0,Positive
4,Very good,very good,Arba Minch,0.4927,Positive
4,Superb,superb,Arba Minch,0.6249,Positive
5,Exceptional,exceptional,Arba Minch,0,Positive
4,Very good,very good,Arba Minch,0.4927,Positive
4,Superb,superb,Arba Minch,0.6249,Positive
5,Exceptional,exceptional,Arba Minch,0,Positive
4,Superb,superb,Arba Minch,0.6249,Positive
5,Exceptional,exceptional,Arba Minch,0,Positive
5,Exceptional,exceptional,Arba Minch,0,Positive
4,Very good,very good,Arba Minch,0.4927,Positive
4,Very good,very good,Arba Minch,0.4927,Positive
4,Exceptional,exceptional,Arba Minch,0,Positive
5,Exceptional,exceptional,Arba Minch,0,Positive
2,Passable,passable,Arba Minch,0,Negative
3,Good,good,Arba Minch,0.4404,Neutral
3,Pleasant,pleasant,Arba Minch,0.5106,Positive
3,Pleasant,pleasant,Arba Minch,0.5106,Positive
3,Good,good,Arba Minch,0.4404,Neutral
5,Exceptional,exceptional,Arba Minch,0,Positive
5,Exceptional,exceptional,Arba Minch,0,Positive
5,Exceptional,exceptional,Arba Minch,0,Positive
5,Exceptional,exceptional,Arba Minch,0,Positive
4,Superb,superb,Arba Minch,0.6249,Positive
4,Very good,very good,Arba Minch,0.4927,Positive
4,Very good,very good,Arba Minch,0.4927,Positive
4,Very good,very good,Arba Minch,0.4927,Positive
4,Superb,superb,Arba Minch,0.6249,Positive
4,Superb,superb,Arba Minch,0.6249,Positive
4,Very good,very good,Arba Minch,0.4927,Positive
4,Superb,superb,Arba Minch,0.6249,Positive
4,Very good,very good,Arba Minch,0.4927,Positive
5,Exceptional,clean hotel and also the staff are nice and very friendly it was a great experience the room is beautiful and comfortable,Gondar,0.9652,Positive
4,A pleasant experience,it was an excellent hotel and the staff couldn t do enough for me there was no shuttle to pick me up i had to make my own way there they seemed reluctant to pick me up when i called,Gondar,0.128,Positive
4,Really was a new feeling,the view stuff all facilities the foods not so much,Gondar,0,Positive
4,My stay was comfortable.,the breakfast was good and staff very courteous the room need exterminator for bugs in bathroom the resort needs renovation repair work ,Gondar,0.7574,Positive
4,Very good,what i like is the view in front of the hotel some times no water some times no light,Gondar,-0.2263,Positive
3,"Probably the best choice in the town, but with its own issues",the service is really excellent the staff is trained to greet smile to the guests and that creates a really good ambience one non apparent advantage of the hotel they have their own electricity generators which helps a lot when there are power shortages in the city that is quite common the view from the windows is hard to beat if your room is facing the city of course this needs to be double checked in general there are many official un and alike delegations hosted in the hotel so this might also be a sign of relative quality the general cleanliness of the room is below average especially with regard to the bed sheets my laundry was simply left unattended in the room because there were some problems with the drying machine the phone in the room was not functioning at all and there is no elevator to go down and up from the reception a considerable drawback given the city s altitude of m ,Gondar,0.8953,Positive
4,Very good,best breakfast in ethiopia i found to western standards leaking bathtub in the room,Gondar,0.6369,Positive
0,Worst experience in Ethiopia. Don't ever stay there!,booked this hotel because they advertise their swimming pool the problem is that it s under constant cleaning maintenance and not available to use even though the staff promise it would be available the following day room cold shower water doesn t go down restaurant you never get all toppings on your pizza summery asked them to discount my bill due to all inconveniences they refused ,Gondar,-0.3818,Negative
2,"May be the best hotel in Gondar, just consider standards are different from other places",wifi was often saturated and wouldn t allow a connection breakfast looked stale shower drain was clogged bathroom didn t flush properly bed linen felt cheap ,Gondar,0.2263,Negative
5,I am very happy,good customer service,Gondar,0.4404,Positive
4,Superb,was very happy with the quality of the accommodation and the airport pickup,Gondar,0.6115,Positive
4,Superb,good location to the main sites nice friendly staff appreciated the airport shuttle pleasant room,Gondar,0.9382,Positive
5,Amazing,amazing hotel and great location in gondar the rooms were clean with strong wifi hot water and there is also a nice pool the breakfast buffet was huge and dinner in the restaurant was delicious the reception staff were absolutely fantastic they organised tours for me to the castles in gondar hiking in the simien mountains and even a very early bus to my tsebri i highly recommend haile resort ,Gondar,0.9824,Positive
2,Disappointing,the hotel is situated in a good location the check in process was smooth there was a foul smell coming from the bathrooms the space looks well overdue for some renovations cracks on walls damaged doors etc the checkout experience was horrible due to their inefficient system,Gondar,-0.34,Negative
0,Do not go to haile gondar!!!!,the hotel facilities are very bad it doesn t fit the name or brand ,Gondar,-0.3167,Negative
2,Disappointing,really tasty food and coffee really nicely decorated room for traditional coffee and friendly staff we think this place is highly overrated it is presented to be one of the best in country and recommended but it was rather disappointing not sure about other haile resorts in other parts of the country but this one is not so good for the price it could have been better there is some maintenance needed in the room water kettle to make tea in room is missing which we had in other much cheaper hotels there are some dents in wall and cables sticking out and lights in room were flickering table lamp not working at all we had very unpleasant experience hotel staff cleaning lady came to knock at the door and when my partner opened she could not explain in english why she came and she just walked in the room while me laying in bed half naked half sleeping and turned on the lights hit all the switches in room and left without word we had no words and are still quite shocked by this this should never happen please make sure it won t also be aware that swimming pool of the resort is apparently also open for public not only guests and it was very crowded moreover beds by the pool were also half broken and not comfortable again maintenance needed too many things were just wrong here so unfortunately we need to give low score for this place and cant recommend it as a place to stay in gonder ,Gondar,-0.9871,Negative
0,Disappointing,the food sucks the bathroom smell shower doesn t work,Gondar,-0.3612,Negative
5,Great for the stay and city exploration,new clean and comfortable,Gondar,0.7184,Positive
5,Exceptional,very solid stay in gondar helpful staff and comfortable and clean rooms ,Gondar,0.8655,Positive
2,Disappointing,location noisy and few things worked,Gondar,-0.1779,Negative
0,They refused to respond my phone calls.,they drive shoot my phone ,Gondar,-0.34,Negative
4,Very good,very good,Gondar,0.4927,Positive
3,Pleasant,pleasant,Gondar,0.5106,Positive
4,Very good,very good,Gondar,0.4927,Positive
2,Disappointing,disappointing,Gondar,-0.4939,Negative
4,Superb,superb,Gondar,0.6249,Positive
4,Superb,superb,Gondar,0.6249,Positive
4,Superb,superb,Gondar,0.6249,Positive
5,Exceptional,exceptional,Gondar,0,Positive
4,Superb,superb,Gondar,0.6249,Positive
4,Superb,superb,Gondar,0.6249,Positive
4,Superb,superb,Gondar,0.6249,Positive
4,Superb,superb,Gondar,0.6249,Positive
5,Exceptional,exceptional,Gondar,0,Positive
5,Exceptional,exceptional,Gondar,0,Positive
4,Superb,superb,Gondar,0.6249,Positive
2,Passable,passable,Gondar,0,Negative
1,Poor,poor,Gondar,-0.4767,Negative
4,Very good,very good,Gondar,0.4927,Positive
3,Good,good,Gondar,0.4404,Neutral
4,Very good,very good,Gondar,0.4927,Positive
3,Good,good,Gondar,0.4404,Neutral
4,Superb,superb,Gondar,0.6249,Positive
5,Exceptional,exceptional,Gondar,0,Positive
4,Superb,superb,Gondar,0.6249,Positive
2,Passable,passable,Gondar,0,Negative
0,Bad,bad,Gondar,-0.5423,Negative
4,Very good,one of the best hotel in gondar staff don t speak much english it s a popular event place for locals so you need to expect some noises,Gondar,0.7906,Positive
5,Exceptional,excellent room,Gondar,0.5719,Positive
5,Exceptional,exceptional,Gondar,0,Positive
5,Exceptional,exceptional,Gondar,0,Positive
4,Very good,the staff is very friendly they do a lot to make you feel comfortable ,Gondar,0.7778,Positive
5,Exceptional,attentive staff,Gondar,0,Positive
5,Very good hotel but expensive,very good hotel for ethiopian standards very friendly helpful staff very clean large rooms decent tv bathroom needs to be renovated but hot shower wifi works because router is installed in front of the room fridge hardly cools kettle in the room breakfast is plentiful for ethiopia and also includes western dishes and egg dishes fruit bread unfortunately price too high ,Gondar,0.5071,Positive
5,Exceptional,i went with my wife and it was great experience,Gondar,0.6249,Positive
1,Poor,poor,Gondar,-0.4767,Negative
3,Good,good,Gondar,0.4404,Neutral
3,Good,the hotel is in pretty worn conditions quite hot at night average restaurant the nice thing is the pool but please note that it s not restricted to hotel guests so when we arrived on a sunday it was completely full with day users so in summary the hotel is pretty average and the pool is nice ,Gondar,0.9444,Positive
4,International style accommodation in Gondar,the hotel is very clean and the staff are very helpful the pool looks good however we did not use it breakfast had many choices and including western dishes compared to ethiopia the bed was comfortable and the towels were great specifically we could not close the bathroom door and our shower was not comfortable to operate we had no working wifi in the room unless we stood by the door ,Gondar,0.9551,Positive
5,Exceptional,excellent views over gondar and the surrounding mountains staff is very attenetive and friendly rooms are clean and nicely appointed ,Gondar,0.9147,Positive
5,Great option at the more luxurious end in Gondar,this is a relatively more expensive but very good option in gondar it s conveniently placed in a beautiful setting and benefits from a slick and comfortable restaurant on the premises the outside terrace is great for an evening drink while watching the sun set over gondar if you re planning to hike the simiens and you book the return night at the resort then they will store your luggage for free we were also upgraded to a junior suite without any particular reason we could ascertain water pressure is not great in the showers but i think that s more to do with gondar than the hotel the staff were great warm friendly and engaged if you re a bit tired of roughing it this makes for a very nice change of pace at by western standards an affordable price ,Gondar,0.9944,Positive
3,Good,good,Gondar,0.4404,Neutral
4,Very good,very good,Gondar,0.4927,Positive
4,Comfortable stay,we stayed here before and after our simien mountains bike service is great and they include complimentary airport pick up and drop off both rooms we stayed in were comfortable and had everything we needed they are dark though when the sun goes down lighting is not very good wifi is terrible in the rooms though you can only get it when you re standing right up against the door better to just go outside to the lobby to use it which can be inconvenient at times i would stay there again if i went back to gondar,Gondar,0.6221,Positive
5,Highly recommended without a doubt.,the detail of the fruit tray upon arrival very comfortable room with fridge and kettle and an excellent breakfast the views from the room are great highly recommended the staff is very attentive ,Gondar,0.9258,Positive
5,Exceptional,exceptional,Gondar,0,Positive
2,Fair,bad check in experience no towels provided and had to ask times over the course of hours before we got them bedsheets were also very damp and weren t changed until hours after we asked bathroom ventilation system was awful could smell toilets and cigarette smoke from neighbouring room room walls paper thin sandwiched between a noisy family and a guy who had his tv on full blast past pm until we reported it to reception lack of ventilation in the room became incredibly hot in the morning no kettle in room no lift elevator on the property either phone didn t work and no contact number sheet provided for calling reception quickly lack of conveniently placed power sockets in room free airport transfer was helpful however wifi decent and the breakfast was not bad ,Gondar,-0.9403,Negative
4,Very good,the view of the castle is good as is the location quite near the centre of town the property has a very nice m swimming pool which was functional at least during my visit the restaurant has a wide choice and was pretty good,Gondar,0.902,Positive
4,Very good,they provided me with an excellent guide the breakfast was good but the dinner that i had was inedible also ethiopians seated next to me eating traditional ethiopian food said it was just barely ok stay there for the hotel part but don t eat anything there except breakfast would be my recommendation,Gondar,0.6869,Positive
5,Exceptional,very nice hotel clean very well located in town close to everything varied breakfast and very attentive staff ,Gondar,0.8151,Positive
5,Exceptional,exceptional,Gondar,0,Positive
4,Very good,i like the big room they gave us unfortunately the hot tub in the room didn t worked also in the amenities it said dry wet sauna gym pool yet at the moment they only have the pool we wanted to enjoy the dry sauna ,Gondar,0.5106,Positive
4,Very good,a good hotel spa sauna had not been working for months but was being advertised when booked,Gondar,0.2382,Positive
5,Fully recommend,we are there only days but we enjoy this time very much hotel staff was very kind and helpful room was very clean and well equiped there was even hair conditiiner d hairdryer and cold drinks ,Gondar,0.9701,Positive
4,"Wonderful staff, but a bit maintanance required",staff was wonderful as usual in ethiopia wifi signal was too weak in my room had to connect from the corridor lighting in the room insufficient most sockets didn t work no mosquito net breakfast ok no elevator not a big deal for me but could be an issue for others location is very good quite close to the four sisters restaurant and not far away from the castle ,Gondar,0.6236,Positive
5,Where 5+ star hotel experience exists,haile resort hawassa is a great choice for anyone who values cleanliness friendliness and professional service the resort is very well maintained with spotless rooms and facilities the staff are courteous attentive and efficient making sure that every guest feels welcome and satisfied the service is excellent from the check in to the check out and everything in between the resort also has a lot of amenities such as a pool a spa a gym and a restaurant the location is ideal as it is close to the lake and the city center i had a fantastic time at haile resort hawassa and i would definitely stay there again it is a gem of a place in ethiopia ,Hawassa,0.9897,Positive
4,A fantastic resort with everything you need and more!,the property was very comfortable clean and the landscaping was impeccable the staff was very hospitable and the food was outstanding ,Hawassa,0.8903,Positive
4,Superb,great location view food and facilities the quality of haile hotels has not disappointed me so far the temperature of the shower could not be regulated well so that either boiling or ice cold water would come out ,Hawassa,0.7041,Positive
3,very enjoyable,nice location grounds were well taken care of staff was helpful and friendly lots to do for children,Hawassa,0.9201,Positive
4,Relaxing working weekend,the spaces view atmosphere and great comfort the spacious balcony complements a great room with large comfortable sofachairs and a good working space lightning was effectively organised the gym is wel equipped and with trainer available the breakfast lacked healthy vegetarian options same for the dinner menu card ,Hawassa,0.9702,Positive
4,Very good,massage location friendly helpful staff jacuzzi hot tub not working lots of the wines unavailable,Hawassa,0.7184,Positive
4,Very nice always a pleasure to stay at the Haille,everything smoking area too far away,Hawassa,0,Positive
4,Superb,water was out for a little while,Hawassa,0,Positive
4,perfect get away for a weekend,the staff were exceptionally friendly and helpful the views are wonderful we really enjoyed our stay there ,Hawassa,0.9306,Positive
4,A great stay for some relaxing days,i had a great stay for nights at the resort and would have loved to stay a bit longer my room had a great view to the lake the area of the hotel is beautiful and i could see a lot of different birds and also a hippo mum with her small baby the staff is really friendly and helpful the restaurant offers good meals and there is a good spa i also loved the area outside below the big tree for having a snack and a drink the wifi was on the room quite weak ,Hawassa,0.9835,Positive
4,Overall a wonderful stay,lots of options wished for plain scrambled eggs and bacon,Hawassa,0,Positive
4,"Great stay, very accommodating staff.",great place fantastic staff we were really made to feel welcome and the front office team went out of their way to help with some film crew meal time requests meals were great and there was always a large selection of both traditional and international cuisine available ,Hawassa,0.9552,Positive
4,It was wow.,staffs cooperativeness the views,Hawassa,0,Positive
4,Was sweet and pretty,the location is good,Hawassa,0.4404,Positive
4,Overall very nice,great bkfst great staff just a little noisy at night,Hawassa,0.8313,Positive
4,Very good,the staff committment and professional approach morning coffee and breakfast old towels,Hawassa,0,Positive
4,highly recommended place,it is a very welcoming place very quite and chill the stuff are so respectful amazing place with very beautiful view lake a must try,Hawassa,0.9462,Positive
4,Very good,staff kindness and cleaning services restaurant wifi is poor and continuously disconnecting,Hawassa,-0.0258,Positive
3,Perfect,the location was perfect and the room as i expected the breakfast was great with a lot of varieties the staffs were polite and welcoming ,Hawassa,0.8934,Positive
4,Excellent stay. Very helpful and cheerful staff. Margret was exceptionally good,the cheerful staff the location of the hotel the pool was not heated a heated pool could add more value to the propert,Hawassa,0.7346,Positive
3,Good,liked the amazing nature views of this hotel welcoming staff room size airport free shuttle was a plus breakfast was not good at all no international options bakeries were not fresh couldn t get out of my room after pm due to huge groups of mosquitos all over the place ,Hawassa,0.8602,Positive
4,Very good,breakfast all staff members location entertaining facilities there was not enough door key we had only one room key to a family member of five for two rooms with two doors which are interconected,Hawassa,0.4404,Positive
4,thanks,all good,Hawassa,0.4404,Positive
5,Perfect,the breakfast was delicious and great the variety of food was rich one could select an omelet or boiled eggs hot dishes or cold dishes etc selection of fruits was rich and the freshly squeezed juices i also loved black coffee the hotel staff was courteous and would go beyond to accommodate or help you ,Hawassa,0.9774,Positive
5,Exceptional,number in ethiopia for my heart respect for all,Hawassa,0.5267,Positive
5,Exceptional,amazing location very spacious and comfortable rooms nice environment,Hawassa,0.8797,Positive
5,Unforgettable and Memorable,excellent and fantastic,Hawassa,0.8074,Positive
5,Exceptional,i m really happy staying haile resort all stuffs great coustemr service i wish staying longer i m really happy for every it s great and clean ,Hawassa,0.9705,Positive
5,Exceptional,the pool spa gym seating areas views staff and the rooms were absolutely fantastic mekdes m and wedeye were great servers and help the curtain in is a bit broken but we made it work the water bottles were very expensive for staying a few days it would be very nice if those staying at the hotel could have a discount at the restaurants also it would be very nice if the pools had sitting areas in the pool it gets very hot and it s nice to sit in shallow water also it d be nice to have plants or something on the first floor roof the views are so nice but the dirty roofs were a bit off putting,Hawassa,0.9707,Positive
5,Great Hospitality.,other ethiopian hotels should learn from them try to make the swimming pool warm all the facilities were best and keep it up and it is also best for family vacation cold swimming pool ,Hawassa,0.8834,Positive
1,Good location but poor service!,the location was amazing specifically the wine bar was great they didn t have towels in the bathroom we literally had to beg them for it when i called the reception downstairs they actually asked whether we have taken it or misplaced the towels i had to go down to the reception times to ask for towels and bathrobe again and again they kept saying they ll send it right away every time which was so frustrating they finally brought it to our room almost hrs later which was very frustrating ,Hawassa,0.1072,Negative
5,Exceptional,the staff was very friendly and the lakeview was amazing the food in the restaurant was really good ,Hawassa,0.8882,Positive
5,Exceptional,we enjoyed our stay in haile resort in hawassa very much the views over the lake where so nice at sunset we enjoyed the birdlife the boat trip from the hotel was very nice we saw hippo s the food is great and staff is super friendly really recommand this hotel the door key did not always work apparently it is sensetive to telephone calls ,Hawassa,0.9777,Positive
1,Poor,everything was great bad internet connection,Hawassa,0.1531,Negative
5,Exceptional,everything was amazing the location the resort itself the staff was so helpful specially mergert they even organized a special event for my wife because she passed an exam no thing every thing is perfect,Hawassa,0.9121,Positive
5,Exceptional,the suite was confortable there are lots of activities and the food was delicious maybe the city around this hotel but i didn t visit it enough be careful if you want to visit shashamene km from there ,Hawassa,0.5719,Positive
3,Good,good,Hawassa,0.4404,Neutral
1,Poor,poor,Hawassa,-0.4767,Negative
3,Good,good,Hawassa,0.4404,Neutral
4,Superb,superb,Hawassa,0.6249,Positive
4,Superb,superb,Hawassa,0.6249,Positive
3,Good,good,Hawassa,0.4404,Neutral
4,Very good,very good,Hawassa,0.4927,Positive
4,Very good,very good,Hawassa,0.4927,Positive
4,Superb,superb,Hawassa,0.6249,Positive
4,Very good,very good,Hawassa,0.4927,Positive
4,Very good,very good,Hawassa,0.4927,Positive
4,Superb,superb,Hawassa,0.6249,Positive
4,Very good,very good,Hawassa,0.4927,Positive
3,Good,good,Hawassa,0.4404,Neutral
4,Superb,superb,Hawassa,0.6249,Positive
4,Very good,very good,Hawassa,0.4927,Positive
4,Superb,superb,Hawassa,0.6249,Positive
3,Good,good,Hawassa,0.4404,Neutral
4,Very good,very good,Hawassa,0.4927,Positive
4,Superb,superb,Hawassa,0.6249,Positive
3,Good,good,Hawassa,0.4404,Neutral
4,Very good,very good,Hawassa,0.4927,Positive
4,Very good,very good,Hawassa,0.4927,Positive
3,Good,good,Hawassa,0.4404,Neutral
4,Very good,very good,Hawassa,0.4927,Positive
4,Superb,superb,Hawassa,0.6249,Positive
4,Superb,superb,Hawassa,0.6249,Positive
5,Exceptional,exceptional,Hawassa,0,Positive
5,Exceptional,exceptional,Hawassa,0,Positive
5,Exceptional,exceptional,Hawassa,0,Positive
5,Exceptional,best trip,Hawassa,0.6369,Positive
5,Exceptional,exceptional,Hawassa,0,Positive
5,Exceptional,exceptional,Hawassa,0,Positive
5,Exceptional,exceptional,Hawassa,0,Positive
5,Exceptional,exceptional,Hawassa,0,Positive
1,Very poor,very poor,Hawassa,-0.5256,Negative
5,Exceptional,exceptional,Hawassa,0,Positive
3,Pleasant,pleasant,Hawassa,0.5106,Positive
2,Passable,passable,Hawassa,0,Negative
5,Exceptional,exceptional,Hawassa,0,Positive
2,Passable,passable,Hawassa,0,Negative
5,Exceptional,exceptional,Hawassa,0,Positive
5,Exceptional,exceptional,Hawassa,0,Positive
4,Very good,very good,Hawassa,0.4927,Positive
4,Very good,very good,Hawassa,0.4927,Positive
4,Superb,superb,Hawassa,0.6249,Positive
4,Superb,superb,Hawassa,0.6249,Positive
4,Very good,very good,Hawassa,0.4927,Positive
0,Bad,bad,Hawassa,-0.5423,Negative
0,Bad,bad,Hawassa,-0.5423,Negative
5,Exceptional,exceptional,Hawassa,0,Positive
5,Exceptional,exceptional,Hawassa,0,Positive
5,Exceptional,exceptional,Hawassa,0,Positive
5,Exceptional,exceptional,Hawassa,0,Positive
5,Fantastic stay!,fantastic property never ceases to amaze us well maintained gardens the clean lake the birds and the happy hippos with an exceptional service from reception housekeeping security and food service breakfast buffet is always the highlight of stays at haile resorts will come gain and again and again ,Hawassa,0.9473,Positive
5,Highly recommend,staff was wonderful and accommodating some of us were under the weather and so supported us really appreciate them the place is great swam on the pool had wine by the lake saw a hippo in the lake food tasty and comfortable room highly recommend ,Hawassa,0.9632,Positive
5,Exceptional,great setting by the lake staff extremely friendly rooms quite comfortable ,Hawassa,0.9039,Positive
5,Great resort!,wonderful attentive staff delicious breakfast and meals and gorgeous location ,Hawassa,0.9081,Positive
5,Love this resort!,excellent service beautiful location delicious food and warm atmosphere ,Hawassa,0.9217,Positive
5,Magical place,very good stay in the hotel the staff is very helpful the place is superb the food is good and the games for children are great the cardio machines in the gym are very old and the decoration of the restaurant is a bit old fashionned in conclusion we had a good time with family in a magical setting ,Hawassa,0.9677,Positive
5,Exceptional,amazing stay ,Hawassa,0.5859,Positive
5,Exceptional,my experience at haile resort was nothing short of exceptional the combination of luxurious accommodations outstanding service and prime location made for a memorable stay a special mention goes to ephrem the shuttle driver who was exceptionally courteous and helpful making my transfers to and from the airport seamless and enjoyable i highly recommend this hotel to anyone visiting awassa and look forward to returning on my next trip ,Hawassa,0.9587,Positive
5,Exceptional,fabulous location very clean,Hawassa,0.7501,Positive
5,Exceptional,lovely hotel with great views of the lake restaurant was very good and not overpriced very clean rooms with great showers staff are very very nice ,Hawassa,0.9523,Positive
5,Excellent,the staff was very attentive to our needs and very professional we had a great stay the location was excellent ,Hawassa,0.8316,Positive
5,Exceptional,beautiful and amazing experience,Hawassa,0.8271,Positive
5,Exceptional,the hotel was full of very polite friendly staff i felt as a white woman staying there with a black partner that some of the female staff around the restaurant could have been more interactive so for this reason l givecthe hotel in general out of thankyou for looking after us ,Hawassa,0.539,Positive
4,Very good,accounting and redervation systemvery weak,Hawassa,-0.4404,Positive
5,Exceptional,the resort is awesome all the staff member are professionals every where in the resort is clean and neat i highly recommend haile resort love haile resort all the staff employees are well educated they know how to treat their customer oh i forget to mention about the food it s very delicious and healthy house keeping is number one once you left your room for breakfast the house keepers was their to clean the room everything you need in the room was their all in all if you have events big or small haile resort is their for you it might be your birthday anniversary honeymoon the reason why i said that i was their for my honeymoon with my beautiful wife we have really enjoyed our honeymoon i can t tell you how the surprised as they decorated our room every single day we stay there make a cake for our honeymoon note don t get surprised all this thing is covered by haile resort i paid only for the room cake decoration of the room is freeeeeee freeeeeee so the money you gonna expend at the resort is very very cheap when you compare with the other s for the safety matter haile resort is haile resort left unforgettable memory in our honeymoon haile resort is number one in my book who doesn t not like this clean room good customer service delicious and healthy food safety if you consider those i mentioned above choose haile resort haile resort haile resort in my book desta dibora,Hawassa,0.9952,Positive
3,Good,good,Hawassa,0.4404,Neutral
5,Exceptional,exceptional,Hawassa,0,Positive
5,Exceptional,exceptional,Hawassa,0,Positive
5,Exceptional,exceptional,Hawassa,0,Positive
5,Exceptional,exceptional,Hawassa,0,Positive
5,Exceptional,exceptional,Hawassa,0,Positive
5,Exceptional,exceptional,Hawassa,0,Positive
5,Exceptional,exceptional,Hawassa,0,Positive
4,Very good,very good,Hawassa,0.4927,Positive
5,Exceptional,exceptional,Hawassa,0,Positive
5,Exceptional,exceptional,Hawassa,0,Positive
3,Good,good,Hawassa,0.4404,Neutral
5,Exceptional,exceptional,Hawassa,0,Positive
4,Very good,very good,Hawassa,0.4927,Positive
5,Exceptional,exceptional,Hawassa,0,Positive
5,dream by the lake,the staff were extremely friendly and polite this started at the door with security and continued all the way to the free shuttle to the airport the hotel is spotlessly clean the toilets are constantly cleaned the location on the lake is fantastic see photo the only negative point was that the restaurant like many other restaurants in ethiopia uses glutamate for cooking if you don t have a problem with that then we can recommend the haile resort without reservation ,Hawassa,0.92,Positive
5,Exceptional,excellent resort beautiful location friendly staff ,Hawassa,0.8957,Positive
5,Comfortable stay and helpful staff,great resort very good service beautiful lake side view and relaxed atmosphere ,Hawassa,0.9399,Positive
5,Exceptional,excellent hotel friendly and very accommodating staff excellent food and selection of choices at breakfast beautiful setting the view of lake awassa from our floor was stunning changed every time we looked out the window there was a problem with our initial room request but they quickly fixed things for us ,Hawassa,0.802,Positive
5,Exceptional,exceptional,Hawassa,0,Positive
5,Exceptional,exceptional,Hawassa,0,Positive
5,Exceptional,exceptional,Hawassa,0,Positive
5,Exceptional,exceptional,Hawassa,0,Positive
5,Exceptional hotel,superb hotel amazing staff a bc delicious food the perfect equation for a great trip loved everything about this hotel,Hawassa,0.9758,Positive
5,Exceptional,exceptional,Hawassa,0,Positive
5,Exceptional,exceptional,Hawassa,0,Positive
5,great views!,very enjoyable comfortable resort nicely priced our first night we had our view of the lake obstructed by a beautiful tree the resort was full that night but the next night we were moved to another room with a spectacular view of the lake ,Hawassa,0.7773,Positive
5,Exceptional,beautiful view and great rooms the hotel staff is friendly and helpful very child friendly atmosphere ,Hawassa,0.9531,Positive
4,Lectures at MSc. course Wonod Genet,very good but the shower needed to be turn on in minutes every morgning in order to get hot water nd floor sea view and the internet connection was extremely unstable stable internet connection was one of the main reason the hotel was chosen because i needed to do som home work in the afternoons ,Hawassa,0.1592,Positive
5,Exceptional,exceptional,Hawassa,0,Positive
4,Very good,very good,Hawassa,0.4927,Positive
5,Exceptional,very nice resort right on the lake very friendly and helpful staff food in numerous varieties there is something for everyone here recommended for families huge playground with bouncy castle and small train minutes flight from addis ideal for a little break from the hustle and bustle of the city ,Hawassa,0.9446,Positive
5,Exceptional,really clean and pleasant room the staff was extremely friendly beautiful scenery ,Hawassa,0.9352,Positive
4,Great location by the lake.,the location is just great i had a nice view of the lake from my balcony the boat trip in the lake offers splendid experience of seeing hippos and different type of birds living by the lake ,Hawassa,0.8934,Positive
3,Good,there is a huge difference between good and bad staff behavior ,Hawassa,0.1779,Neutral
3,Good wievs is the best,the staff is very friendly and service minded the wiev from the hotel is amazing and very very stuning the hotel is a bit old and not up to date the pool area is a bit ruff and it is cold and dirty water the breakfast is poor not much to choose from the staff really tries their best and are very helpfull ,Hawassa,0.7755,Positive
5,Exceptional,friendly staff and excellent food we stayed at the hotel as a family for five days we would do it again ,Hawassa,0.7845,Positive
4,Very good,the people are some please nice service quick service and the room at nice view to hawassa lake very clean over all i enjoyed my stay,Hawassa,0.9216,Positive
4,"Good rooms, good views, bad food",the rooms at the haile are clean and comfortable i had a suite this time which was lovely the biggest complaint about this hotel is the food the food is just terrible ,Hawassa,0.6705,Positive
5,Exceptional,the lake the bird island and gelila island the staffs at haile resort,Ziway,0,Positive
4,Lakeside comfort in Ziway,a very well kept resort with friendly and helpful staff who can arrange trips on the nearby lake at reasonable rates the location is a little way out of town but it s handy for the lake,Ziway,0.5714,Positive
4,Very good,there is no air conditioning only a fan but the website is not accurate ,Ziway,0.0129,Positive
4,Very good,the staff kindness and the local there was no refrigerator it was hot and there was no air conditioning there was a net on the beds but not comfortable ,Ziway,-0.5794,Positive
4,Cofortable stay at perfect location,good location,Ziway,0.4404,Positive
4,Great stay - we'll be back,we had a wonderful stay at ziway we arrived at am and we were allowed to check in to our room early without question breakfast was great fresh eggs omelette made to order great coffee t the resort is full of birds fish eagles and little yellow and blue birds and we loved how lush and well kept the property gardens were the pool was clean and well presented but there were only lounge chairs wooden no mattresses and slightly broken this is an area that could be addressed we were given pool towels which was great the bungalows are small and the fan in our room sounded like an airplane taking off so we couldn t use it it would be great if there was a mosquito mesh on the window so we could sleep with the window open ,Ziway,0.9763,Positive
4,The orders are so great they are well trained of the customer service. I like to appreciate,the breakfast was great and the location is easily locatable some of the facilties like sauna steam are very poor the tv shall include ds tv,Ziway,0.6815,Positive
3,Pleasant,that we were not satisfied with our room and they helped us in changing rooms need to have a small refrigerator and a small lamp in each bedroom,Ziway,-0.3252,Negative
3,Pleasant,the junior suite should have a balcony but that does not exist in this hotel text should be updated the boat on the lake service had been cancelled ,Ziway,-0.3612,Negative
0,Bad,bad,Ziway,-0.5423,Negative
5,Exceptional,super cite nice clean good facilities and gorgeous location super friendly staff ,Ziway,0.9732,Positive
5,Exceptional,the place the staff and the room and also the food,Ziway,0,Positive
4,Very good,very good,Ziway,0.4927,Positive
4,Superb,superb,Ziway,0.6249,Positive
4,Very good,very good,Ziway,0.4927,Positive
4,Superb,superb,Ziway,0.6249,Positive
4,Very good,very good,Ziway,0.4927,Positive
4,Very good,very good,Ziway,0.4927,Positive
5,Exceptional,exceptional,Ziway,0,Positive
5,Exceptional,exceptional,Ziway,0,Positive
5,Exceptional,exceptional,Ziway,0,Positive
3,Good,good,Ziway,0.4404,Neutral
3,Good,good,Ziway,0.4404,Neutral
4,Very good,very good,Ziway,0.4927,Positive
4,Very good,very good,Ziway,0.4927,Positive
3,Good,good,Ziway,0.4404,Neutral
3,Pleasant,pleasant,Ziway,0.5106,Positive
5,Exceptional,the rooms are good i had a spacious room and the bed was adequate where the mattress was soft the resort has a nice garden to stroll through good gym and nice pool the breakfast is typical ethiopian and serves you county s delights in abundance the staff is great and certainly a place to go back too ,Ziway,0.9674,Positive
5,Exceptional,as i have visited the hotel several times already i was welcomed home by the staff they received me with open arms and made my stay very nice again always in for a chat and a smile was always given the place allows for some strolling outside to the lakeside enjoy a drink on the terras and the food is taste internet is stable and available on the compound in for coffee ask for the local buna or coffee and you will be teated with a delight ,Ziway,0.9459,Positive
4,Very good,very nice and welcoming staff in all areas good food there is a nice looking pool but i never used it fair internet connection for ethiopia price value is correct the garden is very nice you can observe monheys and many types of birds there is access to the lake shore walk way which is quite nice they offer nice boat tours in the lake this time i was not able to do but i will probably next time for sure i will come back beds are very good also all found clean however there are always coming in some ants from the gardens what may be uncomfortable for some people there is given free bottled drinking water every day housekeeping is done nicely every day the only thing they may improve rusty water come out on hand wash and shower it smells metallic rusty and has a yellow colour probably rusted tank also it would be nice to get in every room a good mosquito net installed fix as standard now you have to ask for it i would suggest to sacrify one of the guest rooms in the garden to install the massage room there just to be able to have a nicer place for this it s definitely the best hotel option in ziway i will come back again ,Ziway,0.9967,Positive
2,Fair,the property needs a lot of work ,Ziway,0,Negative
2,Reservation not honored,we arrived at night at the hotel and they didn t have our pre paid reservation in their computer so they gave us a lesser room at a higher rate a wedding was blasting until pm right outside our door and there were mosquitoes inside our mosquito net we were surprised that the quality of this chain hotel was so much lower here than in awassa where we stayed the night before ,Ziway,-0.1477,Negative
5,Exceptional,the friendliness of all the staff deserves special mention especially the manager who was always on hand to help the location of the haile resort couldn t be better nature lovers will get their money s worth ,Ziway,0.9571,Positive
4,Very good,stayed in the garden rooms while the rooms are nice there are no windows that can be opened except the patio door which is open to the front i prefer the rooms in the main building where widows can be opened ,Ziway,0.1531,Positive
3,Good,getting a bit tired and rough around the edges staff not super friendly but ok flies buzzing around the breakfast buffet food in fact quite a few flies buzzing around ziway rude pool and gym manager shouting instructions to all guests positives swimming pool boat trip was fun to escape and see hippos generally langano area is much nicer than ziway same price as sabana beach resort yet sabana beach is idyllic ,Ziway,0.8724,Positive
5,Exceptional,exceptional,Ziway,0,Positive
5,Brilliant spot with excellent staff,the place is a bit hard to reach from city centre but once you are in every equipment caters all your comfort a tiny gym and sauna room are inviting as well as the broad and spacious swimming pool room with lake view is superb as you can enjoy the sunrise from your window staff is really assistant and informative plus friendly bell boy offered to change my normal room to the room with lake view at no extra charge traditional coffee shop is next to the lobby and you pay for only birr overall i do love the place it s a really nice resort i ve ever stayed at affordable price i truly recommend the place ,Ziway,0.9904,Positive
4,Very good,very nice garden well maintained good location that allows pleasant walks ,Ziway,0.8923,Positive
4,Very good,small house nicely laid out beautiful lake boat tours with hippos possible,Ziway,0.7783,Positive
3,Good,it was a good stay the workers didn t speak good english so communication is frustrating the room was good and the workers try very hard to make you happy not top of the line but good ,Ziway,0.8088,Positive
