Rating,Review_title,Review_comment
10,Exceptional,The spa was really good and the breakfast was fantastic. Highly recommend the hotel.
10,Exceptional,"Great property, nice location"
10,Exceptional,"Great Place to Stay
We had a very nice stay at the Hotel. Everyone was very nice and friendly"
10,Exceptional,Soo good
10,Exceptional,"I had a great experience in Adama Haile resort, great service, clean , very well coming and supporting team."
10,Exceptional,"I stayed for one night, and I had a great time. The staff are very friendly, extremely polite and very cooperative."
10,Exceptional,Exceptional
8,Very good,Very good
10,Exceptional,Exceptional
10,Impressed with the improved service,"I visited again after a year, and I was impressed by the greatly improved service. They also provided tea time refreshments and the breakfast service was very good. The room was quiet and comfortable because it was eco-friendly."
10,Friendly and clean,"The staff are all friendly and the accommodations are clean and comfortable. The hotel is in a well-organized garden, and the food is delicious and suits me personally. The Haile Special Juice is good� However, there are no tissues, so it is inconvenient to remove makeup (use toilet paper)."
10,Exceptional,I really try to thank Abreham his customer service is excellent who ever wants to go I recommend to him ????
